"class","homework","teach_experience","performance"
1,-0.0218954052019799,-0.642545476493848,-1.08310410628424
1,0.0615861056663162,-0.642545476493848,-0.0431312717632936
1,0.0572572582691974,-0.642545476493848,-1.0019219762928
1,-0.375254315853857,-0.642545476493848,-0.679673915195772
1,-0.680746244796359,-0.642545476493848,-2.39488187459138
1,-0.0482905223675006,-0.642545476493848,0.308494439645577
1,-0.42797945306524,-0.642545476493848,-0.325212654438293
1,-0.0276300451427632,-0.642545476493848,-1.30297600595463
1,-0.438474567671114,-0.642545476493848,-1.55767270340172
1,-0.085590563545742,-0.642545476493848,-1.23849308663836
1,-0.614645593398058,-0.642545476493848,-1.63300259668955
1,-0.597570192132884,-0.642545476493848,-0.0695574596392823
1,0.0584221197582847,-0.642545476493848,0.417196297188299
1,0.0542175093956357,-0.642545476493848,0.010221287714052
1,-0.0438590041071111,-0.642545476493848,-1.78424746966448
1,0.128146183147288,-0.642545476493848,0.532949209386212
1,0.0491268792480296,-0.642545476493848,0.916339836989399
1,-0.545109029224881,-0.642545476493848,-1.21518420434612
1,0.158880869328237,-0.642545476493848,-0.861865987219281
1,-0.0334584874276006,-0.642545476493848,0.409021097944051
1,0.196343430952362,-0.642545476493848,1.18392991699003
1,-0.660846475575858,-0.642545476493848,0.36032319864471
1,-0.564681233669438,-0.642545476493848,-0.345896653712133
1,-0.212698259222128,-0.642545476493848,-1.13838233145076
1,-0.170495236123719,-0.642545476493848,-0.715008201646684
1,-0.315885642141842,-0.642545476493848,-1.73905507610832
1,0.105453206627823,-0.642545476493848,-0.504387119631568
1,0.0650566517666048,-0.642545476493848,-0.847788424692311
1,-0.331106987147399,-0.642545476493848,-0.536866975368618
1,-0.486577684123808,-0.642545476493848,-1.56236073063896
2,1.01718071297136,-1.17705225872358,3.28447498087966
2,1.5742043560217,-1.17705225872358,2.22364197325842
2,1.80641346572292,-1.17705225872358,5.31824220411794
2,1.10462792784301,-1.17705225872358,2.61431776552658
2,1.06501232933578,-1.17705225872358,2.80407179485739
2,1.12437481534061,-1.17705225872358,4.26783650718454
2,1.91582425272417,-1.17705225872358,4.12080302120231
2,1.02344706499343,-1.17705225872358,2.8040107409769
2,1.13243718825606,-1.17705225872358,2.38804299421167
2,1.62717422059131,-1.17705225872358,4.76694905166761
2,1.37465806429599,-1.17705225872358,3.32951764026806
2,1.92817942852479,-1.17705225872358,5.20584837560681
2,1.9251452426738,-1.17705225872358,3.59574371896111
2,1.68148668513958,-1.17705225872358,4.17778645144018
2,1.24016316545521,-1.17705225872358,3.49010104386782
2,1.62824152254825,-1.17705225872358,4.39495374828039
2,1.82585670830076,-1.17705225872358,4.44486363435806
2,1.17188308931281,-1.17705225872358,4.27598226483901
2,1.25610816952166,-1.17705225872358,3.70519606979968
2,1.26000726114352,-1.17705225872358,4.40488238228353
2,1.37204437268292,-1.17705225872358,1.8886858605642
2,1.20357667685811,-1.17705225872358,3.12948698894742
2,1.74355947723006,-1.17705225872358,3.57772050324226
2,1.20516892390651,-1.17705225872358,4.35472993205544
2,1.13137178480019,-1.17705225872358,3.49717126072593
2,1.42733167864707,-1.17705225872358,4.33578228568747
2,1.22751597974774,-1.17705225872358,3.51043141608975
2,1.11816020550531,-1.17705225872358,1.48868718869146
2,1.75743331139301,-1.17705225872358,3.42399469528732
2,1.07325878211622,-1.17705225872358,2.79019720380699
3,0.901419278442834,-1.89334056497395,-0.707924793737434
3,0.636048634046663,-1.89334056497395,0.540798602968866
3,1.5802547014076,-1.89334056497395,1.20782578184048
3,1.1148057793956,-1.89334056497395,0.160799054320896
3,0.844966451380377,-1.89334056497395,2.27115706059414
3,1.39111423396875,-1.89334056497395,-1.35213911187008
3,0.775139004899164,-1.89334056497395,-1.97808755799764
3,1.13112226824646,-1.89334056497395,-0.0106629480014165
3,1.43981019847465,-1.89334056497395,1.48608376283226
3,0.937426815716524,-1.89334056497395,0.115661281482511
3,1.28019966997576,-1.89334056497395,0.76218038098535
3,1.20277350882438,-1.89334056497395,-0.380803187164931
3,1.35905409438906,-1.89334056497395,0.815098223570716
3,1.1243936444856,-1.89334056497395,0.439818053266877
3,0.924362604947735,-1.89334056497395,-0.268661686021556
3,1.59274846289677,-1.89334056497395,1.57301434561193
3,0.99526216995341,-1.89334056497395,0.587490424760989
3,0.644703828239788,-1.89334056497395,-1.66433043086245
3,0.914614700222363,-1.89334056497395,-0.139797773794295
3,1.4985316241849,-1.89334056497395,0.813980303117176
3,0.919337943870549,-1.89334056497395,-1.06650594505401
3,0.65843855144826,-1.89334056497395,-0.398048087884627
3,0.944164341989879,-1.89334056497395,-0.984272644602396
3,1.36880560961922,-1.89334056497395,0.252769393471421
3,1.44357400897329,-1.89334056497395,-0.381323564016354
3,0.974508874326919,-1.89334056497395,-1.21131993549479
3,1.51072287906331,-1.89334056497395,-0.0671939131695565
3,1.26995394143646,-1.89334056497395,0.756681723323039
3,1.03621715374661,-1.89334056497395,-0.651539936387442
3,1.43816399152761,-1.89334056497395,1.26336758049342
4,1.86235341622694,-0.0777547403237522,-0.755581724055405
4,2.07803790394417,-0.0777547403237522,-2.65756248362382
4,1.7933303954286,-0.0777547403237522,0.373643900602853
4,1.93300720078139,-0.0777547403237522,1.0645256634014
4,1.48466688447832,-0.0777547403237522,1.34813070645247
4,1.71150408272832,-0.0777547403237522,-0.135969872736303
4,1.96746319329566,-0.0777547403237522,0.080682862835827
4,1.22845507350019,-0.0777547403237522,2.52194179814345
4,1.54379460338703,-0.0777547403237522,0.371331930407351
4,1.98971543118558,-0.0777547403237522,0.448164589610286
4,1.41683413723684,-0.0777547403237522,1.32985283185987
4,1.4252008749844,-0.0777547403237522,0.821060285009089
4,1.494551678721,-0.0777547403237522,0.515562807818347
4,1.72877613345361,-0.0777547403237522,1.82145215662863
4,1.6280968771988,-0.0777547403237522,0.781692444910236
4,1.32601827855422,-0.0777547403237522,0.992425522723467
4,1.45569649112611,-0.0777547403237522,-1.19195644511708
4,1.31477015588633,-0.0777547403237522,2.73832154519436
4,1.50781264605201,-0.0777547403237522,0.808866064480787
4,1.20421867032735,-0.0777547403237522,1.09786122562079
4,1.66392141261338,-0.0777547403237522,1.86270065283459
4,1.30350397603786,-0.0777547403237522,0.915771540868675
4,2.00554648095011,-0.0777547403237522,-2.63657900188757
4,1.82863495016671,-0.0777547403237522,1.42172258439693
4,1.1685126198662,-0.0777547403237522,1.72101507314659
4,1.5386506312733,-0.0777547403237522,0.312385188143857
4,1.65347041452504,-0.0777547403237522,2.1898439769695
4,1.9399586986491,-0.0777547403237522,0.160725060736067
4,1.35541365931011,-0.0777547403237522,0.238512099846411
4,1.68369984237677,-0.0777547403237522,1.56956619752126
5,0.16290213368041,0.342020306129244,-0.0739341171166738
5,0.437038424333088,0.342020306129244,0.0105035110507601
5,0.210148198438339,0.342020306129244,-1.36786134335345
5,0.369845304779239,0.342020306129244,-1.14477275863779
5,0.988626710978798,0.342020306129244,-0.74772435361007
5,0.284866540833838,0.342020306129244,-0.629912365137324
5,1.10049413577793,0.342020306129244,1.02096585020713
5,0.46221993970824,0.342020306129244,-0.206262475338209
5,0.779394411855839,0.342020306129244,1.49900884501816
5,0.319086789527438,0.342020306129244,2.52735695224575
5,0.717537891027979,0.342020306129244,-0.818576027271033
5,0.449116689061276,0.342020306129244,0.0895919059432764
5,0.297107524379618,0.342020306129244,-0.322875230508686
5,0.491408241122491,0.342020306129244,0.0907582191298056
5,0.532254428511016,0.342020306129244,-0.101234883613359
5,0.944440935646645,0.342020306129244,0.436791482510105
5,0.677890548157967,0.342020306129244,0.185047698940581
5,0.526848327276758,0.342020306129244,-1.39936611180952
5,0.458397299890868,0.342020306129244,0.00587674722270044
5,1.02410988547047,0.342020306129244,-0.011618430642106
5,0.659569953709371,0.342020306129244,0.900830926254812
5,0.174514155976005,0.342020306129244,-1.91796015994758
5,0.479108890659637,0.342020306129244,-1.59190372106244
5,0.449167227047957,0.342020306129244,1.0655692042019
5,0.478602242098651,0.342020306129244,0.395764216889231
5,0.523348591431506,0.342020306129244,0.860992036973744
5,1.03658039183495,0.342020306129244,0.191653952043579
5,1.01177316964743,0.342020306129244,-0.791118564001041
5,0.721908147587902,0.342020306129244,0.373856527654831
5,0.768206759729884,0.342020306129244,0.0670146452749388
6,0.180454770057889,1.11384473041053,1.22596014576552
6,0.0446530854808709,1.11384473041053,1.81355646578816
6,-0.500795099230988,1.11384473041053,1.10514877168161
6,-0.486599194629622,1.11384473041053,2.57735118381672
6,0.219060720597821,1.11384473041053,4.9183123506545
6,-0.144769342428578,1.11384473041053,1.63622681690778
6,-0.377902626570819,1.11384473041053,2.88787002909114
6,-0.30114627890153,1.11384473041053,2.15128924771658
6,0.06647307211669,1.11384473041053,1.43029587755403
6,0.16947303637998,1.11384473041053,4.16714690666979
6,-0.345739888305349,1.11384473041053,2.46088741049766
6,-0.0258133130134472,1.11384473041053,2.42656587286811
6,-0.113778592831028,1.11384473041053,1.80958600840374
6,-0.487962092783807,1.11384473041053,2.4685934426531
6,-0.271620421017093,1.11384473041053,1.67532707408827
6,0.24719122443484,1.11384473041053,3.51974971905398
6,-0.0866832056069204,1.11384473041053,3.26540943988199
6,-0.412531762661917,1.11384473041053,2.70661549622797
6,0.0555635229232332,1.11384473041053,2.26384836940148
6,-0.471971110253168,1.11384473041053,1.01750071155668
6,0.00353543874943463,1.11384473041053,3.6405414222718
6,-0.0641188426395336,1.11384473041053,2.96364959362329
6,-0.133872805906964,1.11384473041053,2.13977216403157
6,-0.0910444043563137,1.11384473041053,3.37314231165745
6,-0.0876993304570595,1.11384473041053,3.04684669772683
6,0.43670712104203,1.11384473041053,2.42633032455367
6,-0.48619345254129,1.11384473041053,1.21407896723541
6,0.264478660609069,1.11384473041053,2.8678871152975
6,-0.0060069682528654,1.11384473041053,3.94273493637796
6,-0.465413382554931,1.11384473041053,-0.0346715194252176
7,0.992352976774023,-0.57425586307558,2.15851537317805
7,1.18654394017828,-0.57425586307558,2.40812262684069
7,0.358799871833221,-0.57425586307558,3.71567173250605
7,1.23283060810824,-0.57425586307558,2.58407292875173
7,0.938904885280103,-0.57425586307558,2.52771507832069
7,0.679837043008924,-0.57425586307558,2.7575969012468
7,0.565289245297358,-0.57425586307558,3.22329114768563
7,0.821818004439742,-0.57425586307558,2.63027212496215
7,0.408987587628112,-0.57425586307558,2.18999745304679
7,1.14802419495133,-0.57425586307558,3.17724334778674
7,0.351518465749145,-0.57425586307558,1.86887234612777
7,0.793124935201526,-0.57425586307558,3.3930574262762
7,1.26488005820026,-0.57425586307558,1.50183019413039
7,1.23143947597888,-0.57425586307558,1.46420249031454
7,0.896615266178892,-0.57425586307558,3.37775574559863
7,1.23745867990252,-0.57425586307558,3.32484760625035
7,0.473011347077013,-0.57425586307558,2.9305963418024
7,0.596976816964493,-0.57425586307558,1.72776275383353
7,1.27179777909365,-0.57425586307558,3.26122793131522
7,0.605621551240952,-0.57425586307558,3.66052869996501
7,0.965074027500272,-0.57425586307558,2.16567142472483
7,1.27634556599256,-0.57425586307558,2.54199507673476
7,0.798194543768809,-0.57425586307558,2.68436959445045
7,0.488220427029923,-0.57425586307558,2.7099651428232
7,1.02444436339025,-0.57425586307558,1.26199672260413
7,0.816780943035305,-0.57425586307558,1.43646862295306
7,0.621410962504492,-0.57425586307558,1.7492070068914
7,0.824712956401677,-0.57425586307558,0.959023201778945
7,0.821181367228896,-0.57425586307558,2.78582991991193
7,0.367870547886164,-0.57425586307558,2.0256113235247
8,1.25727819542465,0.78363688835119,3.18685125933226
8,1.0278716886702,0.78363688835119,2.86998218838009
8,1.80914837688273,0.78363688835119,3.0982521862609
8,1.33854849527655,0.78363688835119,3.27551821703577
8,1.16550222163154,0.78363688835119,1.76626249906058
8,1.38931719733467,0.78363688835119,3.92802529421543
8,1.52493910266151,0.78363688835119,4.18686445865448
8,1.64717290767533,0.78363688835119,1.70589442322063
8,1.55894106773725,0.78363688835119,2.61511820962204
8,1.72482609453676,0.78363688835119,5.01026999383486
8,1.07023902757158,0.78363688835119,2.86496276733103
8,1.44824082621438,0.78363688835119,2.52278578290288
8,0.847758653881678,0.78363688835119,5.283668110934
8,1.3816962736479,0.78363688835119,3.63464377616057
8,1.26035868733255,0.78363688835119,3.23157636304226
8,0.843952995101639,0.78363688835119,2.65931721100528
8,1.3459338411509,0.78363688835119,2.70581267420193
8,1.33200850601373,0.78363688835119,3.97895436088381
8,1.64192992759002,0.78363688835119,2.74532932026685
8,1.36709822814977,0.78363688835119,2.59868246009109
8,1.52151192592522,0.78363688835119,4.40082126492421
8,1.04759113335116,0.78363688835119,2.36904585736695
8,1.31811245095981,0.78363688835119,1.00069285062624
8,0.883900446193942,0.78363688835119,2.94838563035765
8,1.00351886132797,0.78363688835119,4.04844955536058
8,1.02233052703617,0.78363688835119,2.92579091941141
8,1.08817072755722,0.78363688835119,2.6010142303743
8,1.10273509806087,0.78363688835119,3.61893450574003
8,0.963680185918414,0.78363688835119,3.0950795779817
8,1.29583755049919,0.78363688835119,3.71598960143791
9,-0.696677992966429,1.3413551685046,1.39008682756993
9,-0.633779496567726,1.3413551685046,0.539379840610581
9,-0.575120323252335,1.3413551685046,0.166981018752824
9,0.0529001591182945,1.3413551685046,1.07836835545487
9,-0.289550751129568,1.3413551685046,1.29263310227466
9,-0.256483259292722,1.3413551685046,1.48165173775011
9,-0.267830203202024,1.3413551685046,1.70590001514698
9,-0.233552649531916,1.3413551685046,0.221506231125224
9,-0.619380964579463,1.3413551685046,-0.347935537338136
9,-0.422237046443328,1.3413551685046,1.72476793670577
9,-0.512847282605648,1.3413551685046,0.128938610107872
9,-0.764075736895606,1.3413551685046,1.20520367636176
9,0.0247571259658483,1.3413551685046,1.04025962933083
9,-0.54144203491363,1.3413551685046,0.713309893123675
9,-0.82788863629888,1.3413551685046,0.35458289664125
9,-0.506616654022068,1.3413551685046,-0.777750142718981
9,-0.658712888516888,1.3413551685046,0.652282809067547
9,0.0608269619676916,1.3413551685046,1.54943665338471
9,-0.604931232201338,1.3413551685046,0.397947785955368
9,0.0924128523017911,1.3413551685046,0.892040013642311
9,-0.174757680537582,1.3413551685046,0.838532892892173
9,-0.731082654938504,1.3413551685046,0.673250574572208
9,-0.418526454277739,1.3413551685046,1.17682786533479
9,-0.701534023888812,1.3413551685046,-0.0502710595880714
9,-0.270477754677117,1.3413551685046,-0.363726399776156
9,-0.639070511477471,1.3413551685046,0.380030924922513
9,0.0218784439764617,1.3413551685046,2.22599544787093
9,-0.0185886844139846,1.3413551685046,0.760592384885046
9,-0.184972131539539,1.3413551685046,0.400807359430788
9,-0.00298415581549727,1.3413551685046,1.56129692587467
10,1.35392015984626,2.25449936755704,5.32081780725279
10,1.33108905561612,2.25449936755704,3.62814614742138
10,1.15999884249987,2.25449936755704,3.60455717010483
10,1.11528976329946,2.25449936755704,3.833170279957
10,0.998705019693538,2.25449936755704,3.59603826410253
10,0.731160351292877,2.25449936755704,4.52068469754838
10,1.33062740739779,2.25449936755704,6.47700570360907
10,1.43875519068324,2.25449936755704,2.81747486028887
10,1.33938655348839,2.25449936755704,5.55407961222599
10,0.926319415898709,2.25449936755704,2.56973642459123
10,0.52954487733887,2.25449936755704,1.0399098498493
10,1.30906841995539,2.25449936755704,5.03588992015457
10,1.02187878893101,2.25449936755704,5.54091534859081
10,1.24037888295361,2.25449936755704,3.86130145867837
10,1.09387199066923,2.25449936755704,5.5177716408237
10,0.989271210957034,2.25449936755704,3.83383518627208
10,0.875044818021073,2.25449936755704,5.21395801517336
10,1.12636305273855,2.25449936755704,2.71222014805839
10,0.950219450270473,2.25449936755704,4.08157008603256
10,1.15564001280227,2.25449936755704,3.14040292358286
10,1.19468116456056,2.25449936755704,4.11158379434978
10,0.823302121584951,2.25449936755704,2.8236894249563
10,1.31894415894867,2.25449936755704,5.84572092909687
10,1.17445402986714,2.25449936755704,4.98358388683146
10,0.874375829923614,2.25449936755704,3.07458361054465
10,1.23295115934098,2.25449936755704,4.72575963604216
10,1.08751827430324,2.25449936755704,5.1419718078397
10,1.24220502281906,2.25449936755704,4.43447724964691
10,0.985467108649849,2.25449936755704,2.55247668863254
10,0.687313373651071,2.25449936755704,2.34173673575667
11,-0.107486883471839,-0.0474399731971317,3.07230854761329
11,0.273808732800998,-0.0474399731971317,-0.286971180296368
11,0.194888235707648,-0.0474399731971317,-1.72810031218536
11,-0.156620399621434,-0.0474399731971317,1.28034568522105
11,0.606791375842758,-0.0474399731971317,0.527105413306137
11,0.691132888370075,-0.0474399731971317,0.220672013538659
11,0.0573897291299629,-0.0474399731971317,2.32410321598784
11,0.13207509525574,-0.0474399731971317,-0.2863409378361
11,0.01143284904293,-0.0474399731971317,0.306612709627783
11,-0.100360316517882,-0.0474399731971317,0.4751704280661
11,-0.0258997050720525,-0.0474399731971317,-0.499877701807227
11,0.302780039082162,-0.0474399731971317,-0.244391603948676
11,0.811823385008492,-0.0474399731971317,1.96413131657636
11,0.412976458608054,-0.0474399731971317,3.48493510513417
11,0.237849974245645,-0.0474399731971317,0.606354283501999
11,0.276655734223195,-0.0474399731971317,-0.501030111025506
11,0.00185206596262039,-0.0474399731971317,0.849668873043782
11,0.519845668165826,-0.0474399731971317,0.250091390274323
11,0.340097437086396,-0.0474399731971317,2.09105433639634
11,0.0325150233086872,-0.0474399731971317,-0.723535927510009
11,-0.115073023191772,-0.0474399731971317,0.723403641459896
11,-0.0953092910955918,-0.0474399731971317,-0.220706088636108
11,0.765790212605961,-0.0474399731971317,1.09232781434801
11,0.382952758748897,-0.0474399731971317,-0.369376649220812
11,-0.0524827803625983,-0.0474399731971317,0.78808245537809
11,0.0632806948245245,-0.0474399731971317,-0.0348563793104089
11,0.666118559599735,-0.0474399731971317,2.38967897954911
11,0.230358916506984,-0.0474399731971317,1.39075266194124
11,0.518070542192899,-0.0474399731971317,-0.133329982727413
11,0.240641245092146,-0.0474399731971317,-1.02198494093873
12,1.38283476921146,-0.55561843941934,0.544917245972971
12,0.744886373294263,-0.55561843941934,-0.228833801527214
12,1.32999973174532,-0.55561843941934,2.38457435180699
12,0.732555801406249,-0.55561843941934,2.55656899610389
12,0.908223295243203,-0.55561843941934,2.19194425459194
12,1.07256578643222,-0.55561843941934,2.22886177377163
12,0.860886259361847,-0.55561843941934,0.957091231440576
12,0.930170720567673,-0.55561843941934,1.61701011306318
12,0.816372159760191,-0.55561843941934,-0.205367376730967
12,0.680432994508862,-0.55561843941934,1.03612195748311
12,0.899465122617527,-0.55561843941934,0.666868492678147
12,1.04951979837727,-0.55561843941934,1.62194205028495
12,0.898789061823606,-0.55561843941934,2.15663088345086
12,1.01698792202745,-0.55561843941934,0.3950740527881
12,0.516685907387852,-0.55561843941934,0.428336745571156
12,1.22267454432671,-0.55561843941934,0.851252132411455
12,1.398324580522,-0.55561843941934,2.51306763032819
12,0.524916396833702,-0.55561843941934,1.5834944280593
12,1.32308879204442,-0.55561843941934,0.14646684133352
12,0.719028291882693,-0.55561843941934,1.22245993954052
12,1.0984649100655,-0.55561843941934,1.62649976360404
12,1.15339846246292,-0.55561843941934,2.02945825114573
12,0.787605145837857,-0.55561843941934,-0.144305605614015
12,1.04846239870761,-0.55561843941934,1.58880465467095
12,1.40442672570583,-0.55561843941934,0.367049402578381
12,0.694463654312982,-0.55561843941934,0.962156908005962
12,0.827015878291546,-0.55561843941934,-0.319121686115682
12,0.90222410218206,-0.55561843941934,1.40849631606367
12,1.41416217212912,-0.55561843941934,1.29694342298292
12,1.40082002094363,-0.55561843941934,0.336572920779171
13,1.40173321283221,0.292695472748469,3.38143927204864
13,1.22609115085363,0.292695472748469,3.81303906675472
13,1.49475804386459,0.292695472748469,2.92292937595303
13,1.51888522106021,0.292695472748469,4.31875015429702
13,1.18045372465424,0.292695472748469,1.94327690008235
13,1.5107464033252,0.292695472748469,4.2891478107112
13,1.43189672493174,0.292695472748469,4.56405177349901
13,1.89043469304017,0.292695472748469,4.90215603970203
13,1.57717052168011,0.292695472748469,3.7859496824526
13,1.8492994908782,0.292695472748469,4.8469097961952
13,1.33353388515099,0.292695472748469,4.7790744376263
13,1.83176673223063,0.292695472748469,2.7411327387113
13,1.2227027434463,0.292695472748469,4.31857031829739
13,1.25605020388759,0.292695472748469,5.26940340908833
13,1.14079007595576,0.292695472748469,3.9350259845671
13,1.99036100782252,0.292695472748469,5.39720368380465
13,1.70602454776674,0.292695472748469,4.77617034705395
13,1.46687115049719,0.292695472748469,4.61461621858754
13,1.15569584999032,0.292695472748469,3.35406905868673
13,1.21432466940753,0.292695472748469,3.61687542436432
13,1.12154473337143,0.292695472748469,3.32495824706512
13,1.65863146140038,0.292695472748469,5.45170943314934
13,1.29032399548016,0.292695472748469,3.87332152839065
13,1.93728617551535,0.292695472748469,7.01451061747061
13,1.62611063798688,0.292695472748469,4.31131501220132
13,1.19410234895333,0.292695472748469,3.85748348159145
13,1.83104009317033,0.292695472748469,4.82242529292031
13,1.23209778518214,0.292695472748469,4.65860880514665
13,1.21241237405486,0.292695472748469,4.2353426981277
13,1.64155626735448,0.292695472748469,5.0380038531322
14,0.417684595849113,0.362371689642944,2.65520558905755
14,0.463019628360615,0.362371689642944,1.82730730361687
14,0.862808097669603,0.362371689642944,2.36119655410745
14,0.797473506586374,0.362371689642944,3.81028821471262
14,0.933406425224365,0.362371689642944,0.314246420195744
14,0.0620539426372659,0.362371689642944,1.38269895425228
14,0.482303615243853,0.362371689642944,1.5432389927096
14,0.792938819670798,0.362371689642944,2.71159903503946
14,0.795635338224219,0.362371689642944,3.77958111422691
14,0.640818594073625,0.362371689642944,2.31011996943649
14,0.707230395221831,0.362371689642944,2.25614218373178
14,0.259517169607551,0.362371689642944,3.47402791702394
14,0.92932154965003,0.362371689642944,3.18541456652173
14,0.487424339217813,0.362371689642944,2.54762446014472
14,0.882865829676138,0.362371689642944,2.72761671621826
14,0.0271296899800461,0.362371689642944,1.27307492612922
14,0.0844219921191495,0.362371689642944,-0.453624178950467
14,0.187473386576147,0.362371689642944,2.32911296183816
14,0.567999329235153,0.362371689642944,2.28622944199781
14,0.701098233977081,0.362371689642944,4.66068558147523
14,0.00811727862221118,0.362371689642944,2.76694237659487
14,0.522195432850839,0.362371689642944,2.6627231810039
14,0.721825062580155,0.362371689642944,2.61569523123536
14,0.974408457338558,0.362371689642944,1.44366653448535
14,0.39377698330556,0.362371689642944,3.41169766401156
14,0.239972876202063,0.362371689642944,1.48675029535748
14,0.657377297108741,0.362371689642944,3.51711626820127
14,0.362683273436249,0.362371689642944,1.882423735839
14,0.128530788518236,0.362371689642944,1.26272614108257
14,0.586513356588529,0.362371689642944,1.00705943137983
15,-0.838884291232768,-0.745136085076319,0.520390826143151
15,-1.12158120003829,-0.745136085076319,-0.458233951466983
15,-1.3684564528458,-0.745136085076319,-2.2228189143212
15,-1.4936071296625,-0.745136085076319,0.214839040655671
15,-1.3871631529119,-0.745136085076319,0.0966739870931732
15,-0.988516751204821,-0.745136085076319,-1.67193295493217
15,-0.956483992043155,-0.745136085076319,-0.184467243518044
15,-1.02819376647772,-0.745136085076319,-0.409549005128406
15,-0.787517966929096,-0.745136085076319,0.226997441001805
15,-0.954398321912828,-0.745136085076319,-0.0368387536053003
15,-1.52745864656122,-0.745136085076319,-0.579279289168268
15,-0.973892525064963,-0.745136085076319,-0.00180219748050667
15,-1.64119980902711,-0.745136085076319,-0.132162192774369
15,-1.29567022155339,-0.745136085076319,-0.480039388867264
15,-1.10733106196226,-0.745136085076319,-0.343067190443334
15,-0.779351063764858,-0.745136085076319,0.0397812365399251
15,-1.06831430899279,-0.745136085076319,0.518571776871646
15,-1.23753613698596,-0.745136085076319,-0.409591173852238
15,-1.21349586266393,-0.745136085076319,-0.00582008705424053
15,-1.41343747288288,-0.745136085076319,-1.75663485415453
15,-1.00976184778215,-0.745136085076319,0.9205877449508
15,-1.53514964435549,-0.745136085076319,1.63345774736021
15,-0.687433480977285,-0.745136085076319,0.234425160643139
15,-0.765548001037183,-0.745136085076319,2.31343037111676
15,-1.35642314678358,-0.745136085076319,0.755147652230148
15,-1.62682257987859,-0.745136085076319,0.626364162531388
15,-1.1030897933461,-0.745136085076319,-0.0829007000451461
15,-0.670186703319865,-0.745136085076319,0.0631005314378306
15,-1.28521524881313,-0.745136085076319,-0.3298557406059
15,-1.54432204760911,-0.745136085076319,0.389662387052548
16,-0.0542694780763122,0.745640739952641,4.21313186776944
16,0.328439048140135,0.745640739952641,4.15219449523183
16,-0.287145230339083,0.745640739952641,4.0330434655612
16,0.366020521961909,0.745640739952641,4.04608527791817
16,-0.403287406896416,0.745640739952641,4.17478294365211
16,-0.151333654185,0.745640739952641,2.94905329328534
16,-0.209897873110312,0.745640739952641,4.68925590492361
16,-0.205454470242548,0.745640739952641,4.09026706701041
16,0.278314186607313,0.745640739952641,5.37844352994835
16,0.025494926024985,0.745640739952641,2.94144998339615
16,-0.318606872695673,0.745640739952641,4.80662658244397
16,0.0201279533773777,0.745640739952641,3.14696431730194
16,-0.580511455076921,0.745640739952641,2.11123369117651
16,-0.382927131026227,0.745640739952641,2.39077744361649
16,0.37406272964814,0.745640739952641,4.55613175386406
16,-0.0782041017684969,0.745640739952641,3.97535720146351
16,-0.462899009349931,0.745640739952641,3.88042581022851
16,-0.385441425607714,0.745640739952641,2.62245129744843
16,-0.438795695199806,0.745640739952641,4.23086277378556
16,-0.600193338819954,0.745640739952641,3.10382737892033
16,0.294112399102014,0.745640739952641,4.01091057257718
16,-0.308006462061021,0.745640739952641,2.90090381992505
16,0.289526475940656,0.745640739952641,5.34913552804291
16,-0.520150611295539,0.745640739952641,2.8869154302747
16,0.35131359600724,0.745640739952641,4.8747915178327
16,0.222281144580629,0.745640739952641,6.48522079039101
16,0.151836085713294,0.745640739952641,4.21089724829
16,0.318864476050076,0.745640739952641,2.15986001446552
16,-0.0294461067553493,0.745640739952641,2.00140559224364
16,0.10586578503513,0.745640739952641,3.40844098650471
17,0.646580597224299,-1.50836983564641,-1.43478836386934
17,1.38375549654162,-1.50836983564641,0.348736320251121
17,1.33441228519811,-1.50836983564641,0.412777537657499
17,1.2956813970363,-1.50836983564641,0.872522036002314
17,1.07274537051714,-1.50836983564641,1.0872145785631
17,0.649658000633705,-1.50836983564641,-0.152808826805659
17,1.09611541296041,-1.50836983564641,0.0935622848194807
17,1.31363211136929,-1.50836983564641,0.775106487016326
17,1.50920362405165,-1.50836983564641,1.90475017214084
17,1.40134034755326,-1.50836983564641,0.197616892204535
17,1.24215354707709,-1.50836983564641,0.691846316430994
17,0.756206676202479,-1.50836983564641,0.062598209034973
17,0.880151767587874,-1.50836983564641,0.956910387750478
17,1.45257973142586,-1.50836983564641,1.08575689828575
17,1.3073904405596,-1.50836983564641,0.354075904473002
17,1.16175344197697,-1.50836983564641,1.23976374789533
17,0.672259584839109,-1.50836983564641,0.0233510263145367
17,1.04819572328276,-1.50836983564641,1.41843818438858
17,0.556713563927103,-1.50836983564641,0.464628070934856
17,1.06880844903796,-1.50836983564641,1.88971955049697
17,0.808559523733917,-1.50836983564641,1.15441354736606
17,1.52634943563177,-1.50836983564641,1.04851081513103
17,0.808983721608881,-1.50836983564641,0.456363060869052
17,1.50794705359882,-1.50836983564641,0.533717954068452
17,1.47441059847048,-1.50836983564641,1.98010372456463
17,1.1492241484361,-1.50836983564641,1.20764632388347
17,1.19971902792028,-1.50836983564641,2.39205904701431
17,1.02935841174482,-1.50836983564641,-0.899026085589442
17,0.629566558940921,-1.50836983564641,1.32154577865675
17,1.14793492674514,-1.50836983564641,1.18694178741795
18,-1.25768045642305,0.466637579711991,-1.3201038726764
18,-0.409000326217004,0.466637579711991,-0.343919274867791
18,-0.686509153376185,0.466637579711991,0.882117010817824
18,-1.11021542715732,0.466637579711991,0.0890944902179719
18,-0.840360674344786,0.466637579711991,0.313074539040638
18,-0.361267857988217,0.466637579711991,3.75682336414573
18,-0.638998513611817,0.466637579711991,0.196228292507775
18,-1.17883659227643,0.466637579711991,0.798761523137815
18,-1.05221524558853,0.466637579711991,-0.468756305010526
18,-0.46550752831515,0.466637579711991,-0.598477574873331
18,-0.604581793573537,0.466637579711991,2.74779293792458
18,-0.539646679338851,0.466637579711991,0.825793069328239
18,-1.19310640291203,0.466637579711991,-0.414157250306254
18,-1.02777524482351,0.466637579711991,0.363820341206543
18,-1.07581852799174,0.466637579711991,1.59371574712589
18,-1.26147128109712,0.466637579711991,0.594670055440532
18,-0.877776090557539,0.466637579711991,-1.26091080528978
18,-1.15937975029353,0.466637579711991,-0.546408047239663
18,-0.600814714598321,0.466637579711991,1.33511611007452
18,-0.587596796023511,0.466637579711991,-0.406442532443085
18,-0.330288643984907,0.466637579711991,1.07056835796029
18,-1.15492668961067,0.466637579711991,-0.230992410116821
18,-0.890955670307242,0.466637579711991,-0.351489090451254
18,-0.876522784157508,0.466637579711991,0.0143159141714065
18,-0.936493397260868,0.466637579711991,1.18891829666681
18,-0.483933559422233,0.466637579711991,0.967126757250213
18,-0.602249024239221,0.466637579711991,1.67189583466705
18,-1.23162599656623,0.466637579711991,0.331228778762826
18,-1.16886427746046,0.466637579711991,-0.0548876105007085
18,-0.560953730054983,0.466637579711991,0.452500099545465
19,2.06258760478407,1.27644108934653,4.88580207287929
19,2.20474100594469,1.27644108934653,6.60365280288659
19,2.39129001244031,1.27644108934653,7.03902462824173
19,2.60079543774076,1.27644108934653,5.21468662459148
19,1.99145995748289,1.27644108934653,4.7069564101219
19,2.28222218893528,1.27644108934653,5.60965007730185
19,2.3402806747897,1.27644108934653,7.41517885797406
19,2.43825747205004,1.27644108934653,4.7431659041959
19,1.99059630946316,1.27644108934653,6.03740536627032
19,2.6455285588006,1.27644108934653,7.18030379728693
19,2.31688811948583,1.27644108934653,4.06251572409163
19,2.73417245635823,1.27644108934653,7.4915612909336
19,2.56889927472979,1.27644108934653,6.17157892552312
19,2.28156652457141,1.27644108934653,6.11676985461992
19,1.7477995629149,1.27644108934653,6.13605741550071
19,1.88651435954556,1.27644108934653,4.4951121653679
19,2.23601651370585,1.27644108934653,5.91969294754123
19,2.64871936121084,1.27644108934653,6.75680888164277
19,2.59291402569101,1.27644108934653,7.22121626978843
19,2.65020092615918,1.27644108934653,5.29138371492982
19,1.76354649655581,1.27644108934653,4.8943636706091
19,2.00243269295492,1.27644108934653,5.42257186769026
19,2.39966395257101,1.27644108934653,6.51088464280627
19,2.41922451734603,1.27644108934653,6.10057448573406
19,1.83436703697838,1.27644108934653,4.95031848161664
19,1.91054596884236,1.27644108934653,6.36455879543757
19,2.30199792508096,1.27644108934653,5.45482538468333
19,2.16192902011857,1.27644108934653,8.01133222776303
19,2.66888759627067,1.27644108934653,6.34309640256103
19,1.92336935728848,1.27644108934653,6.19863491057321
20,-0.397225001126595,0.863754402301127,3.97928914784269
20,-0.4533866068796,0.863754402301127,2.13003790128811
20,-0.635130984241211,0.863754402301127,-2.0071622559443
20,-0.776967287294634,0.863754402301127,-0.589605511304102
20,-0.698957767335766,0.863754402301127,-0.56932211439724
20,-0.476343008920618,0.863754402301127,0.170989152522828
20,-0.631190394282409,0.863754402301127,1.79201473769425
20,-0.789028330005773,0.863754402301127,2.36142717624882
20,-0.321131586095386,0.863754402301127,3.35623513817544
20,-0.0774873713944784,0.863754402301127,0.695828567083865
20,-0.199234747326069,0.863754402301127,1.73755831170196
20,-0.818449286043712,0.863754402301127,1.0737063716293
20,-0.480971560811692,0.863754402301127,0.780662924537942
20,-0.311766776021638,0.863754402301127,1.4015259497026
20,-0.623558908699148,0.863754402301127,1.09565363789098
20,-0.165388029299744,0.863754402301127,1.94274949045901
20,-0.830281089058214,0.863754402301127,2.07008883134329
20,-0.684755780499496,0.863754402301127,2.46859564154201
20,-0.773327071450718,0.863754402301127,0.908457139989513
20,-0.427495122186907,0.863754402301127,1.22674109858507
20,-0.717279982285642,0.863754402301127,0.646247313396789
20,-0.0419036876392296,0.863754402301127,2.07150462441201
20,-0.695548797257312,0.863754402301127,2.04380673416207
20,-0.554072251774438,0.863754402301127,1.73392299804236
20,-0.038265696957775,0.863754402301127,3.43161258875671
20,-0.873870474284582,0.863754402301127,0.899412003382713
20,-0.834546380674534,0.863754402301127,-0.517827667130053
20,-0.928288917055421,0.863754402301127,-1.24220447871836
20,-0.748546681365066,0.863754402301127,0.84564513551533
20,-0.206745025700026,0.863754402301127,3.15722075551389
21,0.551808855504773,1.94211852764118,1.34138453860728
21,0.209191187991805,1.94211852764118,4.1268728903901
21,0.523839891198136,1.94211852764118,2.48004944899771
21,0.0948957493612987,1.94211852764118,0.385399840876741
21,0.149444294869013,1.94211852764118,1.77583452317547
21,0.599006388577677,1.94211852764118,1.40843692455284
21,0.274291496499486,1.94211852764118,1.40925542290936
21,0.854493645261086,1.94211852764118,5.16970020868691
21,0.784045291607313,1.94211852764118,1.13875943853223
21,0.771865846131973,1.94211852764118,3.10091047182667
21,0.677534614465244,1.94211852764118,0.913411158979158
21,0.526739103960849,1.94211852764118,1.8845013604016
21,0.85392783536487,1.94211852764118,2.50675329038783
21,0.344704211465127,1.94211852764118,3.07623885257
21,0.134213124643124,1.94211852764118,1.23834055942375
21,0.352844689515464,1.94211852764118,1.17285714035737
21,0.969647627332292,1.94211852764118,2.82811546234279
21,0.437959400014065,1.94211852764118,2.1189933520629
21,0.442213015639268,1.94211852764118,4.50539265078826
21,0.238390298801519,1.94211852764118,0.95112559072044
21,0.96043280815617,1.94211852764118,3.81540600637635
21,0.856775721077852,1.94211852764118,2.01145687042572
21,0.348820053049408,1.94211852764118,0.719418957598325
21,0.320326337133579,1.94211852764118,1.59384141806234
21,0.96333976090797,1.94211852764118,3.08804657832063
21,0.705101243927188,1.94211852764118,2.7573637648642
21,0.820873710335277,1.94211852764118,2.85361493943338
21,0.81797837071032,1.94211852764118,4.01380940047237
21,0.670998005437709,1.94211852764118,3.5652728046997
21,0.956193365165077,1.94211852764118,1.16080931046124
22,0.37368730807137,-0.887609039986568,4.06022792284581
22,-0.492125626863723,-0.887609039986568,1.0948450628626
22,0.177958686858605,-0.887609039986568,3.0263353470211
22,-0.538518690481593,-0.887609039986568,3.13678111790274
22,0.0316806680282608,-0.887609039986568,4.6958860919828
22,-0.0180387464126542,-0.887609039986568,4.03124292162139
22,0.0169615913407907,-0.887609039986568,3.49466488155256
22,0.0850141116177693,-0.887609039986568,3.39515971338834
22,0.31484385372531,-0.887609039986568,3.9902610133016
22,0.0454329636639014,-0.887609039986568,2.83775970458871
22,0.182408662535439,-0.887609039986568,3.3827265506127
22,-0.372903735121523,-0.887609039986568,2.99590431553125
22,-0.0304787738488957,-0.887609039986568,3.66087014311543
22,-0.120635041711663,-0.887609039986568,1.22677184178415
22,-0.0659994478112057,-0.887609039986568,3.36261949708877
22,0.120843921810578,-0.887609039986568,1.37428644092963
22,0.256434954725395,-0.887609039986568,3.18269783774572
22,-0.360107523832281,-0.887609039986568,3.75402045403592
22,0.0863948238773301,-0.887609039986568,3.52282137038329
22,0.227331324503015,-0.887609039986568,0.60001656551939
22,-0.575515996409391,-0.887609039986568,2.49597003158888
22,-0.0100444541087344,-0.887609039986568,4.6307822824924
22,0.242631383961256,-0.887609039986568,2.88334851110222
22,-0.369750009827127,-0.887609039986568,-0.199397264497971
22,0.0138652767280146,-0.887609039986568,2.06455106079785
22,0.365064877340759,-0.887609039986568,3.47850192317068
22,-0.558842759556879,-0.887609039986568,2.72532551607603
22,0.116616140142272,-0.887609039986568,2.93727167216443
22,-0.513341445220445,-0.887609039986568,1.22296660419772
22,-0.453347413778116,-0.887609039986568,3.58602016829028
23,0.172058128627939,0.0875875960984327,1.44719628318691
23,0.276932833592398,0.0875875960984327,1.73955018689683
23,0.339244531576512,0.0875875960984327,2.70337427110358
23,-0.424409758190634,0.0875875960984327,2.65182181552545
23,0.520498777615828,0.0875875960984327,0.919334052269274
23,-0.370241356904628,0.0875875960984327,3.92413414708978
23,0.397979538763863,0.0875875960984327,1.69457832961942
23,0.162038380621923,0.0875875960984327,3.26774895392198
23,-0.396825918353173,0.0875875960984327,2.96269164550825
23,0.343463783727018,0.0875875960984327,4.22591072926346
23,0.495876540538845,0.0875875960984327,2.33937689138455
23,0.48388396447244,0.0875875960984327,2.95027474491025
23,0.431615251225409,0.0875875960984327,3.0399365662139
23,-0.154890486861589,0.0875875960984327,3.42697349300076
23,0.0252317938646203,0.0875875960984327,3.69102763040276
23,-0.143640595379295,0.0875875960984327,1.89733635210596
23,-0.185947247206243,0.0875875960984327,3.4262680048936
23,-0.108243115835833,0.0875875960984327,2.55466432954517
23,0.439576836411831,0.0875875960984327,2.49205239763184
23,0.287390452685756,0.0875875960984327,2.95226357671524
23,-0.213657679858627,0.0875875960984327,4.4113665697812
23,0.0837374046603119,0.0875875960984327,1.89774860197838
23,0.225080630850968,0.0875875960984327,3.69776875802925
23,-0.256155218354436,0.0875875960984327,2.49509927131566
23,-0.186030945864516,0.0875875960984327,0.994463505130839
23,-0.209104016779932,0.0875875960984327,2.69497990013123
23,-0.410843263736936,0.0875875960984327,3.82493294495143
23,-0.362613338402482,0.0875875960984327,4.00514063171955
23,0.0890199685161834,0.0875875960984327,1.58062669156136
23,-0.0371492513297225,0.0875875960984327,2.5524606080295
24,0.162305200187539,1.22888732286166,3.77840762320127
24,0.437992375291933,1.22888732286166,2.73971778406962
24,0.888473383564551,1.22888732286166,3.53135963801723
24,1.03276906832499,1.22888732286166,4.23792156975553
24,0.562167643051644,1.22888732286166,2.71874053926995
24,0.724448275933091,1.22888732286166,3.57765995892158
24,0.828727920487572,1.22888732286166,3.89513985132978
24,0.66928843194065,1.22888732286166,3.77973455663313
24,0.949513295380448,1.22888732286166,2.77996160896177
24,0.145891719212805,1.22888732286166,3.36256822736391
24,0.880646206386437,1.22888732286166,3.56898346414982
24,0.427494330279578,1.22888732286166,1.59652274582405
24,0.663161648385276,1.22888732286166,2.21583794847533
24,0.915516184590806,1.22888732286166,5.19626348954408
24,0.761645795259674,1.22888732286166,2.26711882261689
24,0.128008976293777,1.22888732286166,2.91601504939504
24,0.972702095465784,1.22888732286166,3.22022144932008
24,0.120192736567979,1.22888732286166,2.10686194099964
24,0.150898083759521,1.22888732286166,2.24218408016019
24,0.87780004408588,1.22888732286166,3.18119111708144
24,0.296226860437591,1.22888732286166,1.57008858918488
24,0.389176653413151,1.22888732286166,4.61258711457704
24,0.758188528655146,1.22888732286166,2.65052486188941
24,0.880362370930661,1.22888732286166,2.84655562660963
24,0.269083616737326,1.22888732286166,2.37963261914692
24,0.547631738655318,1.22888732286166,2.6004849852794
24,0.544583582267214,1.22888732286166,2.26928596621267
24,0.63176757883658,1.22888732286166,2.79132811580622
24,0.837186631927316,1.22888732286166,4.70387328149052
24,0.800418525183623,1.22888732286166,3.02950951423702
25,0.518950780734146,0.445864740047752,0.431881719368439
25,0.348694097131217,0.445864740047752,-0.585377565564758
25,0.136329420489917,0.445864740047752,0.665674455351246
25,-0.243158853732323,0.445864740047752,0.524220698088057
25,0.464771029187093,0.445864740047752,1.57863817774214
25,-0.216333417108556,0.445864740047752,0.999383312008357
25,-0.227478975083953,0.445864740047752,1.5198146677872
25,0.216452348625014,0.445864740047752,0.457773875113993
25,-0.313105451528257,0.445864740047752,0.17765625903477
25,-0.124701210649958,0.445864740047752,0.995398682546235
25,0.159736768455902,0.445864740047752,2.02034386317253
25,0.276349129734287,0.445864740047752,1.84310743434888
25,0.456763057151536,0.445864740047752,-0.253418403282047
25,0.287849275741453,0.445864740047752,2.57438461078036
25,0.0489817600433773,0.445864740047752,1.2627902718949
25,0.568844227699289,0.445864740047752,-1.34902074966259
25,0.375867276100168,0.445864740047752,0.270045015641504
25,-0.154402442861622,0.445864740047752,3.05416445196383
25,0.417105068566004,0.445864740047752,0.815803970524742
25,0.548998892420629,0.445864740047752,1.55801304498942
25,0.0775956466064847,0.445864740047752,1.28174896822233
25,0.338950927715475,0.445864740047752,1.1909107775636
25,0.216727215211565,0.445864740047752,2.10373868003494
25,0.517468899136136,0.445864740047752,1.12512777760795
25,-0.317595525065711,0.445864740047752,1.64961430401712
25,0.52861861616532,0.445864740047752,1.0141049270574
25,0.34157503966401,0.445864740047752,1.78390745447366
25,0.473637938845629,0.445864740047752,0.695444189331547
25,0.110650732993806,0.445864740047752,0.391330086836199
25,0.639528266500408,0.445864740047752,0.979304129647568
26,0.466610795453515,-2.01560997850556,2.41466686841022
26,0.312365812117558,-2.01560997850556,1.53245065218746
26,1.27034507422554,-2.01560997850556,1.07886361768997
26,0.955167714141633,-2.01560997850556,2.67017865423745
26,0.639074255813237,-2.01560997850556,-1.35230491495709
26,0.941270443944585,-2.01560997850556,0.00759912712013944
26,0.899563015306693,-2.01560997850556,2.39740851759011
26,1.04353355742837,-2.01560997850556,2.3771457949195
26,1.12288913024436,-2.01560997850556,1.6048686647656
26,0.739547453921612,-2.01560997850556,0.457295070274461
26,0.542365809537795,-2.01560997850556,2.47185981383193
26,1.20962242489527,-2.01560997850556,3.07860382497798
26,0.296772038664993,-2.01560997850556,-0.636572957019725
26,0.525029863797452,-2.01560997850556,1.35049741389568
26,1.14172745412993,-2.01560997850556,1.08077879127516
26,0.761984001247537,-2.01560997850556,3.42054926922308
26,0.587581536833521,-2.01560997850556,0.0778436490654657
26,0.875570667542841,-2.01560997850556,1.41417032959562
26,1.21941434043306,-2.01560997850556,3.27037609857024
26,0.770528389707532,-2.01560997850556,0.48186352136662
26,1.10364521095375,-2.01560997850556,1.51550157316031
26,0.602140267014828,-2.01560997850556,0.805137111914828
26,0.764749731270921,-2.01560997850556,1.58952370360948
26,1.22595569152231,-2.01560997850556,2.63259351892324
26,0.411626393076357,-2.01560997850556,0.806814101128833
26,0.399536795316588,-2.01560997850556,1.73545316195876
26,1.08162644492308,-2.01560997850556,0.184339948673711
26,0.802255940491658,-2.01560997850556,3.34808222486145
26,1.19080535309235,-2.01560997850556,1.19763259828516
26,0.668941605471399,-2.01560997850556,-0.186698209419084
27,1.30973528674029,1.58486663927759,3.72789666607346
27,0.587550321120477,1.58486663927759,1.63529081186701
27,0.617437528205744,1.58486663927759,3.39175147420347
27,0.781725920030555,1.58486663927759,4.24934310375181
27,1.33952916319639,1.58486663927759,4.2917898272418
27,0.424784668015024,1.58486663927759,2.73385087636222
27,0.552397723534784,1.58486663927759,1.30897157325204
27,0.647325582328892,1.58486663927759,3.19247326054577
27,0.68432932346285,1.58486663927759,4.62174550228975
27,0.972981140708259,1.58486663927759,3.99625463650824
27,1.17167814075173,1.58486663927759,3.17354470607502
27,0.557225175892642,1.58486663927759,2.07915216327747
27,1.3126285737303,1.58486663927759,3.75130575885193
27,0.909777116954035,1.58486663927759,2.08915172023933
27,1.16779623831779,1.58486663927759,4.25138338988516
27,0.709693189004144,1.58486663927759,4.24734293255262
27,1.04473136690602,1.58486663927759,5.06161905727554
27,1.15085286250495,1.58486663927759,3.09534269745649
27,0.809743252807936,1.58486663927759,1.17334733775046
27,0.743904183145321,1.58486663927759,2.16696877317188
27,1.11120437853195,1.58486663927759,2.53614972237461
27,0.64022183906444,1.58486663927759,2.77235527703617
27,1.26763819599681,1.58486663927759,4.17074867290087
27,1.008835684966,1.58486663927759,3.54957928196647
27,1.31417747446493,1.58486663927759,3.20489224193235
27,0.670899911543062,1.58486663927759,3.44812063326314
27,0.947423468569002,1.58486663927759,1.18418217872643
27,1.02849662023754,1.58486663927759,5.05784809518626
27,1.26116302748368,1.58486663927759,4.92051582216845
27,0.524517363860911,1.58486663927759,0.797110946544179
28,0.00185465822429887,0.531888351344592,3.30403482377762
28,0.0524734010497623,0.531888351344592,2.6087719156174
28,-0.215654848511652,0.531888351344592,1.97076859695309
28,-0.40338269238858,0.531888351344592,3.06424936153178
28,-0.445186759014935,0.531888351344592,0.222914535276397
28,-0.110613917368785,0.531888351344592,2.36092496123952
28,0.381571187036722,0.531888351344592,2.74676873082543
28,-0.380896767736734,0.531888351344592,4.19482592536564
28,-0.47154131661667,0.531888351344592,4.21331960886992
28,-0.538875131770358,0.531888351344592,3.72189083042302
28,0.353786438335344,0.531888351344592,4.43312245182587
28,-0.329405820598216,0.531888351344592,3.12432573360745
28,-0.181764391851932,0.531888351344592,3.76785683378145
28,0.262281152750044,0.531888351344592,4.03658399020722
28,0.256260962090134,0.531888351344592,4.28437575235675
28,-0.0264599706468589,0.531888351344592,3.87588356747487
28,-0.248619228969649,0.531888351344592,2.14397419178172
28,-0.150396308298544,0.531888351344592,2.08745487521242
28,0.261047545219451,0.531888351344592,2.70489827715317
28,0.368302965634181,0.531888351344592,2.94334779835276
28,0.278383148000255,0.531888351344592,3.3834973468512
28,-0.0432319158179171,0.531888351344592,3.30752264785926
28,-0.0637396486898369,0.531888351344592,2.96624948532972
28,0.228036207477241,0.531888351344592,4.30727872497475
28,-0.332743206429616,0.531888351344592,3.07379719234258
28,0.268282059677555,0.531888351344592,2.14424535026975
28,-0.109291973193497,0.531888351344592,2.54108397050664
28,-0.0817196188916869,0.531888351344592,2.65599119681915
28,0.310969498105957,0.531888351344592,4.23765975051775
28,-0.212971584773944,0.531888351344592,3.30312950681419
29,-0.416952680347769,-0.193911137904567,0.697664342150211
29,-1.11819335377617,-0.193911137904567,0.634748752459532
29,-0.426650868512972,-0.193911137904567,1.0474407533874
29,-0.284656088816283,-0.193911137904567,1.25714249780497
29,-0.530474462796284,-0.193911137904567,-0.411856549824431
29,-0.398228754772155,-0.193911137904567,0.184656660937747
29,-0.271228608459516,-0.193911137904567,-0.615665039733602
29,-1.11346475153072,-0.193911137904567,-0.375600842349743
29,-1.11966553797787,-0.193911137904567,-0.967919612901559
29,-0.393043849634288,-0.193911137904567,-1.37855051823072
29,-0.450875529337956,-0.193911137904567,1.79167655732492
29,-0.473787779936848,-0.193911137904567,-0.674430004601104
29,-0.828869635023458,-0.193911137904567,0.0114392027426186
29,-0.687032026255785,-0.193911137904567,-0.378624069302979
29,-0.787908497050686,-0.193911137904567,0.806428298925648
29,-0.717866419598742,-0.193911137904567,0.381325889000457
29,-0.956983345112113,-0.193911137904567,0.718407020491906
29,-0.218993690580411,-0.193911137904567,-0.0405672461775275
29,-1.15173097608453,-0.193911137904567,-0.841962971802163
29,-0.497999391768409,-0.193911137904567,-0.810200211369948
29,-0.41025396647705,-0.193911137904567,0.0488237588901476
29,-0.508088255085333,-0.193911137904567,0.901794269582211
29,-0.984799932239859,-0.193911137904567,0.0200682468666199
29,-0.469147260783522,-0.193911137904567,-1.14101324196536
29,-0.557153439864798,-0.193911137904567,0.657990995084318
29,-0.923354450630306,-0.193911137904567,0.0683879714658154
29,-0.869175195711015,-0.193911137904567,-1.33202871782935
29,-0.959049131505473,-0.193911137904567,-0.434651349899132
29,-1.02598352103336,-0.193911137904567,0.21544235402185
29,-0.703419892600088,-0.193911137904567,-1.09363856931646
30,-0.101868911897323,-1.2292663815562,1.53314192364363
30,0.0144652062845168,-1.2292663815562,1.17283974248328
30,0.573538456093961,-1.2292663815562,2.30855083633906
30,0.555308925668218,-1.2292663815562,1.91332120424878
30,-0.279999294103614,-1.2292663815562,2.07932484299337
30,0.123217099095204,-1.2292663815562,1.89464133624429
30,0.0430834977705714,-1.2292663815562,0.927508134884664
30,0.0297691493578938,-1.2292663815562,1.16732780220655
30,-0.084156958870149,-1.2292663815562,1.77068298381912
30,0.122108295541697,-1.2292663815562,1.41462405030923
30,-0.0532495565894309,-1.2292663815562,2.4058939621256
30,0.464004692603343,-1.2292663815562,0.605353609315356
30,0.411937985551053,-1.2292663815562,3.21885794360152
30,0.215908777183363,-1.2292663815562,0.0555879832170334
30,0.249872657917881,-1.2292663815562,2.31025726242223
30,0.209427169273117,-1.2292663815562,1.5408315558246
30,-0.191519089992649,-1.2292663815562,2.02800556990693
30,0.335931542776966,-1.2292663815562,2.67534239626432
30,-0.0695368233318689,-1.2292663815562,0.264466090219556
30,-0.161213065515763,-1.2292663815562,0.0339959323222607
30,-0.0254756340473208,-1.2292663815562,1.20711966259389
30,-0.0297021344485942,-1.2292663815562,-0.654875171832314
30,-0.0592968128803435,-1.2292663815562,2.60014467614328
30,0.660056764940241,-1.2292663815562,1.73543687660435
30,0.141221942827546,-1.2292663815562,1.09501905230921
30,0.212114938982272,-1.2292663815562,2.68911456569347
30,0.648851213027233,-1.2292663815562,1.91997257589574
30,0.446625381457129,-1.2292663815562,1.83361850585426
30,-0.126851501892811,-1.2292663815562,-1.2046292403588
30,0.441368575888195,-1.2292663815562,2.48065340276303
