"pid","age","gender","subject","emotion","authenticity","status","charisma","page_time"
132944,25,2,4,"E","a",3,5,22.304
8495925,44,1,4,"E","a",4,3,56.439
7851935,49,2,4,"E","a",5,5,60.232
9034432,35,2,4,"E","a",7,7,83.077
2094409,39,1,4,"E","a",5,4,33.773
9357926,38,1,4,"E","a",3,3,39.003
5041230,30,1,4,"E","a",5,4,45.745
7330136,34,1,4,"E","a",7,6,39.741
2276476,25,2,4,"E","a",3,4,94.699
7189953,36,2,4,"E","a",5,6,41.291
8995818,68,2,4,"E","a",4,6,72.303
2690286,36,2,4,"E","a",1,2,54.812
4856039,33,2,4,"E","a",6,4,65.189
952975,41,2,4,"E","a",4,4,134.518
2534739,30,1,4,"E","a",5,5,75.986
16883,34,2,4,"E","a",4,4,46.238
1687498,47,2,4,"E","a",2,7,182.734
967291,49,1,4,"E","a",2,6,64.905
3888420,28,1,4,"E","a",4,3,93.135
9925742,49,1,4,"E","a",3,3,61.451
9050288,24,2,4,"E","a",3,5,50.449
1955626,27,2,4,"E","a",4,6,59.582
1094078,35,1,4,"E","a",5,2,103.453
7986196,24,1,4,"E","a",7,5,35.756
7019352,43,2,4,"E","a",5,5,45.844
4690881,24,2,4,"E","a",4,4,60.311
8306200,34,1,4,"E","a",4,5,57.475
1460786,40,2,4,"E","a",2,2,111.31
8765050,36,2,4,"E","a",3,6,167.517
7969711,69,2,4,"E","a",4,4,175.161
4623082,24,1,4,"E","a",4,4,79.765
8225731,38,2,4,"E","a",6,5,107.978
5917799,42,2,4,"E","a",6,7,51.118
3227263,37,2,4,"E","a",4,4,50.573
6974566,46,2,4,"E","a",5,5,130.318
804893,40,1,4,"E","a",3,5,22.373
4894309,25,2,4,"E","a",7,1,19.224
7922361,25,1,4,"E","a",4,5,68.537
2329135,35,2,4,"E","a",3,4,58.047
5119631,56,1,4,"E","a",2,6,89.789
3880459,30,1,4,"E","a",4,3,56.428
7511126,30,1,4,"E","a",5,5,30.331
553305,44,2,4,"E","a",5,6,166.28
7793541,63,1,4,"E","a",6,5,75.035
625916,35,1,4,"E","a",5,5,34.959
825891,54,2,4,"E","a",4,4,101.152
9677725,37,2,4,"E","a",4,5,65.934
7821551,25,2,4,"E","a",5,6,36.48
4393898,57,1,4,"E","a",2,1,69.293
4242415,65,1,4,"E","a",4,4,52.166
6091886,28,1,4,"E","a",6,6,45.209
5020416,50,1,4,"E","a",6,6,61.982
3861915,29,2,4,"E","a",4,3,55.399
3328013,30,1,4,"E","a",2,3,50.096
4845583,39,1,4,"E","a",4,4,43.819
9728570,19,1,4,"E","a",3,5,43.713
6088116,20,1,4,"E","a",4,6,48.111
5015741,35,2,4,"E","a",6,6,37.376
4520380,29,2,4,"E","a",5,5,44.869
6335150,57,1,4,"E","a",5,6,85.532
6592661,19,1,4,"E","a",6,4,20.061
4915940,32,1,4,"E","a",5,2,108.248
5451244,32,2,4,"E","a",5,7,30.234
2757963,29,1,4,"E","a",4,4,40.516
2435212,27,1,4,"E","a",4,4,54.866
8086226,30,2,4,"E","a",7,6,40.705
2275982,23,1,4,"E","a",4,4,31.773
4598653,23,2,4,"E","a",2,5,56.067
2499553,48,2,4,"E","a",5,5,41.002
3174258,64,2,4,"E","a",5,5,52.098
9665673,25,1,4,"E","a",6,5,47.929
1321495,38,2,4,"E","a",4,4,34.543
1885900,31,1,4,"E","a",5,5,17
2103773,24,1,4,"E","a",5,6,14.187
2095467,22,1,4,"E","a",5,5,53.129
1549920,22,2,4,"E","a",3,3,62.748
2998841,21,2,4,"E","a",7,6,96.51
6950339,25,1,4,"E","a",3,5,164.91
9696664,31,2,4,"E","a",5,7,63.879
1496268,38,2,4,"E","a",4,2,127.35
201824,46,2,4,"E","a",2,7,99.253
6998931,54,1,4,"E","a",4,3,105.898
4443433,30,2,4,"E","a",5,7,69.002
3947197,20,1,4,"E","a",4,3,70.514
5547114,28,1,4,"E","a",7,7,31.896
3017615,68,2,4,"E","a",5,5,62.289
2623763,20,1,4,"E","a",5,4,44.451
4751786,26,1,4,"E","a",5,3,68.463
3722992,25,1,4,"E","a",4,3,14.495
5027832,35,2,4,"E","a",6,6,138.682
6094563,29,1,4,"E","a",4,5,63.437
9204114,24,2,4,"E","a",4,5,59.737
1285728,37,2,4,"E","a",5,7,51.491
3972370,28,1,4,"E","a",5,4,73.477
3980850,38,2,4,"E","a",4,4,45.442
3747235,26,2,4,"E","a",5,5,29.454
4727503,25,1,4,"E","a",5,5,50.454
7768415,26,1,4,"E","i",4,4,43.839
6977209,28,1,4,"E","i",5,5,21.25
263878,31,1,4,"E","i",3,3,59.675
563933,29,2,4,"E","i",3,3,58.762
4004405,34,1,4,"E","i",5,2,54.422
3276120,28,2,4,"E","i",4,4,54.18
7954512,23,2,4,"E","i",1,1,52.133
4036846,30,1,4,"E","i",4,2,71.271
1404186,32,1,4,"E","i",5,5,56.328
6220726,23,1,4,"E","i",5,3,24.794
7639413,35,2,4,"E","i",3,3,45.935
5522501,26,2,4,"E","i",3,4,51.049
4597567,20,1,4,"E","i",5,5,68.981
7905132,23,1,4,"E","i",4,5,63.649
1280266,59,1,4,"E","i",2,5,78.983
5442697,24,1,4,"E","i",4,6,41.583
9048056,42,1,4,"E","i",6,6,85.527
8911376,52,2,4,"E","i",5,7,69.18
2489600,33,1,4,"E","i",4,5,68.664
6455300,41,2,4,"E","i",6,5,68.033
3254833,32,2,4,"E","i",4,6,65.091
4540929,29,2,4,"E","i",4,5,120.225
146827,32,2,4,"E","i",4,5,56.325
7120347,46,1,4,"E","i",3,4,76.544
6172275,26,2,4,"E","i",4,3,96.792
5511592,31,2,4,"E","i",4,4,54.892
1149847,33,2,4,"E","i",5,3,139.07
1584129,34,2,4,"E","i",2,2,86.849
1663753,26,2,4,"E","i",4,3,55.537
7742678,25,1,4,"E","i",1,2,37.734
8623111,20,1,4,"E","i",6,6,46.066
110329,62,2,4,"E","i",2,2,162.687
3060207,25,2,4,"E","i",2,1,81.795
2501490,30,1,4,"E","i",1,3,43.216
3008527,33,2,4,"E","i",5,7,80.008
8685161,24,1,4,"E","i",5,5,33.766
5035966,61,2,4,"E","i",3,2,62.929
4488801,63,2,4,"E","i",2,2,94.706
2772843,21,2,4,"E","i",6,6,30.648
318539,29,1,4,"E","i",4,3,61.103
5331001,38,2,4,"E","i",1,1,61
7218046,59,2,4,"E","i",3,3,110.097
1585966,34,2,4,"E","i",4,4,92.646
7905251,62,2,4,"E","i",5,7,89.543
5050714,31,2,4,"E","i",4,4,63.638
9815106,41,1,4,"E","i",3,2,41.468
6786809,23,1,4,"E","i",3,4,13.24
9008802,24,2,4,"E","i",3,1,44.48
4610537,36,1,4,"E","i",2,2,37.218
2966096,75,2,4,"E","i",6,6,89.207
7742488,31,2,4,"E","i",6,4,14.02
2470879,38,1,4,"E","i",4,3,54.221
9055826,40,1,4,"E","i",4,3,42.062
5784368,26,2,4,"E","i",4,2,54.938
7686433,46,2,4,"E","i",1,5,125.007
9735234,35,1,4,"E","i",1,3,86.734
6940357,42,2,4,"E","i",1,1,35.203
9618344,59,2,4,"E","i",4,3,73.631
4640663,34,2,4,"E","i",3,3,41.768
1154800,46,2,4,"E","i",4,4,134.11
4760970,19,1,4,"E","i",2,4,60.314
3108916,27,2,4,"E","i",5,4,86.488
4472886,34,1,4,"E","i",4,5,21.14
99025,28,1,4,"E","i",1,3,54.682
3894117,26,2,4,"E","i",4,4,126.58
7673980,39,1,4,"E","i",4,4,29.05
8286994,30,1,4,"E","i",3,1,56.42
993245,55,2,4,"E","i",4,4,85.044
8418786,46,1,4,"E","i",4,5,67.523
7318364,46,1,4,"E","i",4,3,73.739
9216410,30,2,4,"E","i",4,4,42.573
3741810,38,1,4,"E","i",4,5,42.682
2759629,25,2,4,"E","i",4,6,54.483
5983925,21,1,4,"E","i",4,5,60.548
1943057,29,2,4,"E","i",3,1,55.51
1678545,57,2,4,"E","i",4,5,71.542
9840937,41,1,4,"E","i",2,2,79.249
3295583,26,2,4,"E","i",2,5,34.398
6945661,27,1,4,"E","i",4,5,72.748
7536729,33,1,4,"E","i",5,4,19.221
1127161,18,1,4,"E","i",4,5,60.283
4825854,43,1,4,"E","i",5,2,37.545
8662451,32,1,4,"E","i",4,5,66.332
5499588,30,1,4,"E","i",2,3,82.001
5025724,43,1,4,"E","i",5,5,105.379
1018310,33,2,4,"E","i",1,7,70.899
89415,23,1,4,"E","i",4,4,104.705
8745052,34,1,4,"E","i",2,4,72.838
5796086,24,1,4,"E","i",6,6,30.044
4860791,22,1,4,"E","i",5,5,98.666
1569209,21,3,4,"E","i",7,3,59.591
6240613,24,1,4,"E","i",4,5,36.2
5139703,65,2,4,"E","i",4,5,92.367
4309428,28,1,4,"E","i",4,6,37.635
7580046,29,1,4,"E","i",4,6,95.48
2798317,23,1,4,"E","i",4,5,73.103
5529528,29,1,4,"E","i",3,3,60.702
7798801,40,2,4,"E","i",3,6,58.027
671903,24,1,4,"E","i",5,5,56.555
639221,25,2,4,"E","i",5,5,68.532
4788449,62,1,4,"E","i",4,4,87.996
5815164,37,2,4,"E","i",4,5,72.049
9686670,29,1,4,"E","i",3,5,40.356
132944,25,2,6,"E","a",2,4,26.522
563933,29,2,6,"E","a",5,6,57.603
4004405,34,1,6,"E","a",4,6,64.983
3276120,28,2,6,"E","a",4,5,66.596
7954512,23,2,6,"E","a",3,6,47.138
7851935,49,2,6,"E","a",6,6,40.901
2094409,39,1,6,"E","a",4,5,55.036
5041230,30,1,6,"E","a",2,4,67.733
7189953,36,2,6,"E","a",4,4,39.443
7639413,35,2,6,"E","a",4,4,44.902
5522501,26,2,6,"E","a",5,6,41.893
4597567,20,1,6,"E","a",5,7,59.177
7905132,23,1,6,"E","a",3,5,54.32
1280266,59,1,6,"E","a",6,7,84.015
2690286,36,2,6,"E","a",7,7,37.842
4856039,33,2,6,"E","a",4,3,72.301
2489600,33,1,6,"E","a",5,5,39.786
16883,34,2,6,"E","a",4,5,54.662
3254833,32,2,6,"E","a",4,4,91.008
967291,49,1,6,"E","a",5,6,57.814
4540929,29,2,6,"E","a",3,6,88.727
146827,32,2,6,"E","a",4,6,65.072
9925742,49,1,6,"E","a",3,6,71.288
6172275,26,2,6,"E","a",5,6,90.702
1149847,33,2,6,"E","a",7,7,114.432
9050288,24,2,6,"E","a",5,7,44.192
1663753,26,2,6,"E","a",4,6,47.913
1094078,35,1,6,"E","a",6,6,414.53
7742678,25,1,6,"E","a",1,7,57.948
7986196,24,1,6,"E","a",3,3,57.786
7019352,43,2,6,"E","a",5,5,49.588
8623111,20,1,6,"E","a",6,6,52.438
8306200,34,1,6,"E","a",5,6,84.12
8765050,36,2,6,"E","a",5,6,59.662
3060207,25,2,6,"E","a",5,7,79.904
8225731,38,2,6,"E","a",3,4,141.318
5035966,61,2,6,"E","a",7,7,40.818
2772843,21,2,6,"E","a",4,5,35.27
7922361,25,1,6,"E","a",7,7,47.845
5331001,38,2,6,"E","a",4,4,81.448
7218046,59,2,6,"E","a",5,6,93.604
1585966,34,2,6,"E","a",6,6,173.859
3880459,30,1,6,"E","a",5,5,56.132
5050714,31,2,6,"E","a",6,6,79.514
9815106,41,1,6,"E","a",4,6,49.205
553305,44,2,6,"E","a",5,6,79.802
6786809,23,1,6,"E","a",4,4,31.052
9008802,24,2,6,"E","a",6,7,35.75
4610537,36,1,6,"E","a",2,3,61.156
4393898,57,1,6,"E","a",4,6,78.409
2966096,75,2,6,"E","a",6,6,68.807
7742488,31,2,6,"E","a",4,4,55.389
6091886,28,1,6,"E","a",6,5,49.584
5020416,50,1,6,"E","a",5,7,84.277
9055826,40,1,6,"E","a",4,5,48.682
5784368,26,2,6,"E","a",7,7,50.143
3328013,30,1,6,"E","a",5,3,57.716
4845583,39,1,6,"E","a",4,5,45.93
9735234,35,1,6,"E","a",7,7,70.263
1154800,46,2,6,"E","a",3,7,91.858
9728570,19,1,6,"E","a",5,6,39.764
3108916,27,2,6,"E","a",5,4,78.967
4472886,34,1,6,"E","a",4,5,25.127
6335150,57,1,6,"E","a",6,6,78.815
6592661,19,1,6,"E","a",5,2,46.064
7673980,39,1,6,"E","a",4,4,35.908
2435212,27,1,6,"E","a",6,6,293.461
8286994,30,1,6,"E","a",6,6,37.662
993245,55,2,6,"E","a",4,6,78.896
7318364,46,1,6,"E","a",4,6,63.596
2759629,25,2,6,"E","a",6,7,51.757
4598653,23,2,6,"E","a",2,5,53.251
2499553,48,2,6,"E","a",5,6,61.576
1127161,18,1,6,"E","a",4,3,48.231
3174258,64,2,6,"E","a",6,6,54.214
9665673,25,1,6,"E","a",5,6,45.218
1321495,38,2,6,"E","a",4,4,43.691
2095467,22,1,6,"E","a",4,5,40.205
5499588,30,1,6,"E","a",4,7,49.965
5025724,43,1,6,"E","a",3,7,74.762
2998841,21,2,6,"E","a",6,6,209.292
1018310,33,2,6,"E","a",5,7,47.06
9696664,31,2,6,"E","a",5,7,97.822
6998931,54,1,6,"E","a",7,7,99.88
8745052,34,1,6,"E","a",2,6,47.975
5796086,24,1,6,"E","a",6,4,21.725
4860791,22,1,6,"E","a",2,6,63.571
1569209,21,3,6,"E","a",7,7,54.527
5139703,65,2,6,"E","a",4,5,49.177
3017615,68,2,6,"E","a",3,4,66.525
4751786,26,1,6,"E","a",6,6,148.312
4309428,28,1,6,"E","a",5,5,35.636
7580046,29,1,6,"E","a",5,7,37.229
3722992,25,1,6,"E","a",4,4,45.224
5027832,35,2,6,"E","a",6,6,378.95
5529528,29,1,6,"E","a",5,7,106.955
7798801,40,2,6,"E","a",6,7,70.902
4788449,62,1,6,"E","a",5,5,67.961
5815164,37,2,6,"E","a",4,4,62.11
7768415,26,1,6,"E","i",5,5,21.386
6977209,28,1,6,"E","i",5,5,28.273
8495925,44,1,6,"E","i",4,5,64.078
263878,31,1,6,"E","i",4,5,43.598
4036846,30,1,6,"E","i",4,5,92.152
9034432,35,2,6,"E","i",7,7,69.001
1404186,32,1,6,"E","i",5,5,60.51
9357926,38,1,6,"E","i",4,4,45.598
7330136,34,1,6,"E","i",3,5,40.21
6220726,23,1,6,"E","i",4,6,28.862
2276476,25,2,6,"E","i",6,6,41.724
8995818,68,2,6,"E","i",6,6,72.059
5442697,24,1,6,"E","i",4,7,61.42
9048056,42,1,6,"E","i",4,5,73.383
8911376,52,2,6,"E","i",7,6,65.034
952975,41,2,6,"E","i",4,5,95.54
2534739,30,1,6,"E","i",6,6,107.207
1687498,47,2,6,"E","i",2,6,124.622
6455300,41,2,6,"E","i",6,7,99.01
3888420,28,1,6,"E","i",4,6,116.574
7120347,46,1,6,"E","i",5,7,82.631
5511592,31,2,6,"E","i",6,6,61.116
1955626,27,2,6,"E","i",7,7,41.572
1584129,34,2,6,"E","i",5,5,46.579
4690881,24,2,6,"E","i",4,4,52.671
1460786,40,2,6,"E","i",3,4,112.629
110329,62,2,6,"E","i",2,4,99.5
7969711,69,2,6,"E","i",6,7,134.408
4623082,24,1,6,"E","i",1,5,50.063
2501490,30,1,6,"E","i",2,5,55.662
3008527,33,2,6,"E","i",7,7,36.728
5917799,42,2,6,"E","i",5,6,63.838
3227263,37,2,6,"E","i",4,3,59.909
8685161,24,1,6,"E","i",6,4,22.094
4488801,63,2,6,"E","i",3,3,81.164
6974566,46,2,6,"E","i",4,4,143.394
804893,40,1,6,"E","i",5,6,44.27
318539,29,1,6,"E","i",4,3,51.408
4894309,25,2,6,"E","i",6,5,34.204
2329135,35,2,6,"E","i",3,4,62.278
5119631,56,1,6,"E","i",5,7,66.311
7511126,30,1,6,"E","i",3,3,27.978
7905251,62,2,6,"E","i",6,6,57.157
7793541,63,1,6,"E","i",6,6,86.475
625916,35,1,6,"E","i",5,5,30.831
825891,54,2,6,"E","i",4,5,163.024
9677725,37,2,6,"E","i",4,5,86.29
7821551,25,2,6,"E","i",4,6,59.719
4242415,65,1,6,"E","i",4,3,53.384
3861915,29,2,6,"E","i",3,6,62.751
2470879,38,1,6,"E","i",5,5,74.083
7686433,46,2,6,"E","i",1,6,98.412
6940357,42,2,6,"E","i",1,3,41.12
9618344,59,2,6,"E","i",3,4,98.95
4640663,34,2,6,"E","i",3,3,154.973
6088116,20,1,6,"E","i",3,6,66.311
4760970,19,1,6,"E","i",4,5,53.061
5015741,35,2,6,"E","i",6,6,259.965
4520380,29,2,6,"E","i",5,5,37.255
99025,28,1,6,"E","i",3,4,48.107
4915940,32,1,6,"E","i",4,6,185.64
5451244,32,2,6,"E","i",6,6,38.452
3894117,26,2,6,"E","i",5,5,31.861
2757963,29,1,6,"E","i",5,6,39.68
8418786,46,1,6,"E","i",6,6,73.524
8086226,30,2,6,"E","i",7,5,41.665
9216410,30,2,6,"E","i",5,5,55.7
3741810,38,1,6,"E","i",4,6,46.928
2275982,23,1,6,"E","i",4,4,44.204
5983925,21,1,6,"E","i",3,4,63.589
1943057,29,2,6,"E","i",3,5,62.04
1678545,57,2,6,"E","i",5,6,65.664
9840937,41,1,6,"E","i",3,4,86.754
3295583,26,2,6,"E","i",6,5,64.369
6945661,27,1,6,"E","i",4,6,81.202
7536729,33,1,6,"E","i",4,4,26.104
1885900,31,1,6,"E","i",3,6,17.908
4825854,43,1,6,"E","i",4,4,26.098
2103773,24,1,6,"E","i",6,7,38.319
8662451,32,1,6,"E","i",4,5,62.909
1549920,22,2,6,"E","i",1,5,90.012
6950339,25,1,6,"E","i",3,6,109.579
1496268,38,2,6,"E","i",6,6,106.239
201824,46,2,6,"E","i",2,6,170.951
89415,23,1,6,"E","i",7,7,222.158
4443433,30,2,6,"E","i",4,7,62.319
3947197,20,1,6,"E","i",4,5,163.945
6240613,24,1,6,"E","i",4,5,60.138
5547114,28,1,6,"E","i",3,2,30.773
2623763,20,1,6,"E","i",5,5,41.254
2798317,23,1,6,"E","i",4,6,58.602
6094563,29,1,6,"E","i",4,5,65.103
9204114,24,2,6,"E","i",4,4,75.51
1285728,37,2,6,"E","i",4,6,53.008
671903,24,1,6,"E","i",5,3,54.708
3972370,28,1,6,"E","i",3,6,53.216
639221,25,2,6,"E","i",6,5,113.338
3980850,38,2,6,"E","i",4,4,87.124
3747235,26,2,6,"E","i",4,4,38.682
4727503,25,1,6,"E","i",4,6,57.565
9686670,29,1,6,"E","i",5,7,441.661
8495925,44,1,14,"E","a",4,5,56.5
263878,31,1,14,"E","a",5,4,53.195
563933,29,2,14,"E","a",3,4,128.939
3276120,28,2,14,"E","a",4,4,69.772
7954512,23,2,14,"E","a",1,2,47.223
7851935,49,2,14,"E","a",5,5,57.295
4036846,30,1,14,"E","a",4,5,68.533
9034432,35,2,14,"E","a",7,7,73.836
2094409,39,1,14,"E","a",3,4,98.346
1404186,32,1,14,"E","a",5,5,51.245
5041230,30,1,14,"E","a",4,4,95.256
6220726,23,1,14,"E","a",5,5,28.934
2276476,25,2,14,"E","a",5,5,61.622
7189953,36,2,14,"E","a",3,3,44.151
8995818,68,2,14,"E","a",6,6,65.169
5522501,26,2,14,"E","a",5,4,50.202
4597567,20,1,14,"E","a",6,5,87.714
9048056,42,1,14,"E","a",4,5,95.737
2534739,30,1,14,"E","a",5,7,67.307
1687498,47,2,14,"E","a",3,5,90.435
3254833,32,2,14,"E","a",4,4,59.221
3888420,28,1,14,"E","a",4,4,119.807
9925742,49,1,14,"E","a",4,4,68.354
7120347,46,1,14,"E","a",5,6,90.379
1149847,33,2,14,"E","a",4,6,66.812
9050288,24,2,14,"E","a",5,5,54.465
1955626,27,2,14,"E","a",3,2,43.074
7742678,25,1,14,"E","a",3,3,60.24
7019352,43,2,14,"E","a",5,5,57.438
8623111,20,1,14,"E","a",4,4,53.147
1460786,40,2,14,"E","a",2,4,79.939
110329,62,2,14,"E","a",3,3,99.237
8765050,36,2,14,"E","a",4,7,94.897
3060207,25,2,14,"E","a",6,7,67.645
4623082,24,1,14,"E","a",3,3,54.03
2501490,30,1,14,"E","a",2,5,49.075
5917799,42,2,14,"E","a",6,6,52.949
5035966,61,2,14,"E","a",7,7,61.233
2772843,21,2,14,"E","a",6,7,45.683
4894309,25,2,14,"E","a",1,1,24.63
7922361,25,1,14,"E","a",7,5,54.151
5331001,38,2,14,"E","a",3,3,94.689
5119631,56,1,14,"E","a",4,4,72.891
7218046,59,2,14,"E","a",5,5,90.644
5050714,31,2,14,"E","a",6,6,67.266
553305,44,2,14,"E","a",5,6,78.266
9008802,24,2,14,"E","a",6,7,59.369
7821551,25,2,14,"E","a",5,6,43.357
4610537,36,1,14,"E","a",2,2,58.824
4393898,57,1,14,"E","a",3,3,67.183
2966096,75,2,14,"E","a",5,5,102.693
2470879,38,1,14,"E","a",5,5,58.26
5784368,26,2,14,"E","a",4,3,128.096
3328013,30,1,14,"E","a",2,2,60.639
4845583,39,1,14,"E","a",4,5,49.635
7686433,46,2,14,"E","a",1,4,102.378
6940357,42,2,14,"E","a",1,2,39.977
9618344,59,2,14,"E","a",4,4,71.025
4640663,34,2,14,"E","a",4,4,43.808
1154800,46,2,14,"E","a",2,3,70.429
9728570,19,1,14,"E","a",5,4,43.303
6088116,20,1,14,"E","a",6,5,45.519
4760970,19,1,14,"E","a",2,3,74.118
6592661,19,1,14,"E","a",5,6,26.081
7673980,39,1,14,"E","a",4,4,42.155
2757963,29,1,14,"E","a",4,5,36.365
2435212,27,1,14,"E","a",4,5,36.286
993245,55,2,14,"E","a",7,5,71.214
8086226,30,2,14,"E","a",7,7,38.664
9216410,30,2,14,"E","a",3,3,53.404
2759629,25,2,14,"E","a",4,4,59.679
2275982,23,1,14,"E","a",4,4,38.095
5983925,21,1,14,"E","a",4,5,64.925
9840937,41,1,14,"E","a",2,6,107.722
3295583,26,2,14,"E","a",5,5,36.607
6945661,27,1,14,"E","a",4,3,105.45
1127161,18,1,14,"E","a",3,5,84.831
9665673,25,1,14,"E","a",4,4,42.52
1321495,38,2,14,"E","a",4,4,37.886
1885900,31,1,14,"E","a",3,4,40.495
4825854,43,1,14,"E","a",4,6,61.89
8662451,32,1,14,"E","a",4,5,58.539
1549920,22,2,14,"E","a",3,3,211.729
6950339,25,1,14,"E","a",3,3,155.901
9696664,31,2,14,"E","a",3,4,91.734
201824,46,2,14,"E","a",2,6,103.89
89415,23,1,14,"E","a",7,7,124.98
4443433,30,2,14,"E","a",5,7,61.79
5796086,24,1,14,"E","a",7,5,54.054
4860791,22,1,14,"E","a",2,4,67.457
1569209,21,3,14,"E","a",7,7,75.252
5547114,28,1,14,"E","a",7,6,54.367
3017615,68,2,14,"E","a",5,5,63.491
4309428,28,1,14,"E","a",4,5,55.343
7580046,29,1,14,"E","a",2,7,43.783
3722992,25,1,14,"E","a",3,5,240.481
2798317,23,1,14,"E","a",4,5,59.818
9204114,24,2,14,"E","a",4,6,54.911
7798801,40,2,14,"E","a",7,6,58.411
671903,24,1,14,"E","a",3,3,139.293
3972370,28,1,14,"E","a",5,3,57.335
4788449,62,1,14,"E","a",4,4,66.487
3980850,38,2,14,"E","a",4,4,42.007
3747235,26,2,14,"E","a",5,5,49.31
5815164,37,2,14,"E","a",6,5,58.539
4727503,25,1,14,"E","a",5,6,82.513
7768415,26,1,14,"E","i",6,5,53.041
6977209,28,1,14,"E","i",6,4,23.411
132944,25,2,14,"E","i",4,4,25.837
4004405,34,1,14,"E","i",4,6,65.084
9357926,38,1,14,"E","i",3,4,41.978
7330136,34,1,14,"E","i",6,7,36.367
7639413,35,2,14,"E","i",3,3,64.444
7905132,23,1,14,"E","i",4,4,76.044
1280266,59,1,14,"E","i",3,5,72.035
2690286,36,2,14,"E","i",7,6,47.293
5442697,24,1,14,"E","i",5,7,73.419
4856039,33,2,14,"E","i",3,2,71.371
8911376,52,2,14,"E","i",6,6,72.1
952975,41,2,14,"E","i",4,4,146.466
2489600,33,1,14,"E","i",5,5,667.418
16883,34,2,14,"E","i",3,4,55.379
6455300,41,2,14,"E","i",4,3,190.412
967291,49,1,14,"E","i",2,4,67.845
4540929,29,2,14,"E","i",3,3,67.916
146827,32,2,14,"E","i",4,5,76.754
6172275,26,2,14,"E","i",3,4,69.298
5511592,31,2,14,"E","i",5,6,64.917
1584129,34,2,14,"E","i",2,4,219.899
1663753,26,2,14,"E","i",4,5,76.707
1094078,35,1,14,"E","i",3,3,172.314
7986196,24,1,14,"E","i",5,6,54.912
4690881,24,2,14,"E","i",4,4,74.764
8306200,34,1,14,"E","i",5,3,72.866
7969711,69,2,14,"E","i",4,3,116.975
8225731,38,2,14,"E","i",4,4,85.823
3008527,33,2,14,"E","i",4,4,50.152
3227263,37,2,14,"E","i",3,4,30.083
8685161,24,1,14,"E","i",4,4,35.628
4488801,63,2,14,"E","i",2,2,71.853
6974566,46,2,14,"E","i",4,4,115.331
804893,40,1,14,"E","i",4,4,18.672
318539,29,1,14,"E","i",4,5,99.244
2329135,35,2,14,"E","i",4,5,70.823
1585966,34,2,14,"E","i",5,5,52.015
3880459,30,1,14,"E","i",2,3,50.475
7511126,30,1,14,"E","i",3,4,30.505
7905251,62,2,14,"E","i",5,5,64.664
9815106,41,1,14,"E","i",5,6,44.177
7793541,63,1,14,"E","i",6,5,94.432
625916,35,1,14,"E","i",3,6,41.816
6786809,23,1,14,"E","i",5,5,11.082
825891,54,2,14,"E","i",4,5,99.716
9677725,37,2,14,"E","i",5,3,85.989
7742488,31,2,14,"E","i",6,6,63.425
4242415,65,1,14,"E","i",5,4,70.391
6091886,28,1,14,"E","i",6,5,74.687
5020416,50,1,14,"E","i",4,4,60.805
3861915,29,2,14,"E","i",3,4,59.541
9055826,40,1,14,"E","i",4,5,41.751
9735234,35,1,14,"E","i",4,4,79.3
5015741,35,2,14,"E","i",6,6,227.08
3108916,27,2,14,"E","i",3,3,69.883
4472886,34,1,14,"E","i",4,4,23.215
4520380,29,2,14,"E","i",5,5,40.528
6335150,57,1,14,"E","i",5,5,107.226
99025,28,1,14,"E","i",3,6,50.185
4915940,32,1,14,"E","i",5,4,137.492
5451244,32,2,14,"E","i",1,2,25.955
3894117,26,2,14,"E","i",4,5,29.522
8286994,30,1,14,"E","i",2,3,39.495
8418786,46,1,14,"E","i",5,5,66.653
7318364,46,1,14,"E","i",4,3,68.558
3741810,38,1,14,"E","i",5,4,37.945
1943057,29,2,14,"E","i",3,2,71.031
1678545,57,2,14,"E","i",2,4,66.769
4598653,23,2,14,"E","i",1,2,71.453
2499553,48,2,14,"E","i",4,3,56.668
7536729,33,1,14,"E","i",4,6,26.048
3174258,64,2,14,"E","i",5,6,51.148
2103773,24,1,14,"E","i",2,4,16.517
2095467,22,1,14,"E","i",4,4,50.265
5499588,30,1,14,"E","i",3,4,80.216
5025724,43,1,14,"E","i",3,5,115.82
2998841,21,2,14,"E","i",4,4,142.072
1018310,33,2,14,"E","i",2,2,98.681
1496268,38,2,14,"E","i",5,1,133.355
6998931,54,1,14,"E","i",4,5,160.064
8745052,34,1,14,"E","i",3,4,99.003
3947197,20,1,14,"E","i",4,5,65.528
6240613,24,1,14,"E","i",5,3,63.454
5139703,65,2,14,"E","i",3,4,99.454
2623763,20,1,14,"E","i",5,5,62.088
4751786,26,1,14,"E","i",5,6,238.039
5027832,35,2,14,"E","i",2,5,153.754
6094563,29,1,14,"E","i",4,5,84.627
1285728,37,2,14,"E","i",5,5,60.532
5529528,29,1,14,"E","i",5,3,99.964
639221,25,2,14,"E","i",5,5,78.528
9686670,29,1,14,"E","i",4,3,210.82
7768415,26,1,9,"E","a",5,5,14.837
6977209,28,1,9,"E","a",6,3,22.19
8495925,44,1,9,"E","a",4,5,48.06
263878,31,1,9,"E","a",4,5,46.481
3276120,28,2,9,"E","a",3,5,52.473
4036846,30,1,9,"E","a",5,5,66.373
9034432,35,2,9,"E","a",7,7,44.054
9357926,38,1,9,"E","a",4,5,34.175
6220726,23,1,9,"E","a",5,6,28.667
2276476,25,2,9,"E","a",6,6,42.458
8995818,68,2,9,"E","a",6,6,66.629
4597567,20,1,9,"E","a",7,7,67.938
7905132,23,1,9,"E","a",3,5,51.937
2690286,36,2,9,"E","a",7,7,37.416
5442697,24,1,9,"E","a",3,7,140.444
4856039,33,2,9,"E","a",5,4,63.969
8911376,52,2,9,"E","a",7,7,62.411
952975,41,2,9,"E","a",4,4,38.788
2534739,30,1,9,"E","a",2,5,63.851
1687498,47,2,9,"E","a",4,7,73.393
6455300,41,2,9,"E","a",5,7,64.034
967291,49,1,9,"E","a",4,6,53.903
3888420,28,1,9,"E","a",4,4,81.99
146827,32,2,9,"E","a",4,6,83.177
7120347,46,1,9,"E","a",4,6,102.096
5511592,31,2,9,"E","a",5,5,56.466
1149847,33,2,9,"E","a",4,6,51.616
1584129,34,2,9,"E","a",5,7,74.27
7986196,24,1,9,"E","a",7,6,97.233
4690881,24,2,9,"E","a",4,6,49.253
1460786,40,2,9,"E","a",1,3,225.136
4623082,24,1,9,"E","a",3,6,44.373
2501490,30,1,9,"E","a",1,3,43.674
3008527,33,2,9,"E","a",6,7,33.871
5917799,42,2,9,"E","a",5,5,47.616
8685161,24,1,9,"E","a",4,5,25.465
5035966,61,2,9,"E","a",7,7,34.968
4488801,63,2,9,"E","a",2,5,60.115
6974566,46,2,9,"E","a",5,6,110.195
2772843,21,2,9,"E","a",7,6,18.197
318539,29,1,9,"E","a",4,5,54.987
2329135,35,2,9,"E","a",3,6,37.828
5119631,56,1,9,"E","a",5,5,62.896
1585966,34,2,9,"E","a",4,6,46.352
7511126,30,1,9,"E","a",5,5,42.689
7905251,62,2,9,"E","a",6,6,406.06
9815106,41,1,9,"E","a",5,4,31.27
6786809,23,1,9,"E","a",4,3,12.6
9677725,37,2,9,"E","a",4,7,120.706
9008802,24,2,9,"E","a",4,6,37.422
7821551,25,2,9,"E","a",4,5,53.911
7742488,31,2,9,"E","a",6,7,42.398
2470879,38,1,9,"E","a",4,5,320.587
9055826,40,1,9,"E","a",4,5,32.519
5784368,26,2,9,"E","a",5,7,45.494
9618344,59,2,9,"E","a",3,4,71.288
1154800,46,2,9,"E","a",5,6,138.466
4760970,19,1,9,"E","a",3,4,42.711
5015741,35,2,9,"E","a",6,6,33.725
4472886,34,1,9,"E","a",3,4,29.588
99025,28,1,9,"E","a",4,4,37.031
5451244,32,2,9,"E","a",5,7,29.561
3894117,26,2,9,"E","a",3,4,54.294
7673980,39,1,9,"E","a",4,4,30.887
8286994,30,1,9,"E","a",3,6,44.959
8418786,46,1,9,"E","a",4,5,60.125
7318364,46,1,9,"E","a",4,6,69.415
3741810,38,1,9,"E","a",4,6,49.019
2759629,25,2,9,"E","a",4,7,42.686
1943057,29,2,9,"E","a",5,7,55.629
1678545,57,2,9,"E","a",6,5,59.437
3295583,26,2,9,"E","a",5,6,40.265
6945661,27,1,9,"E","a",5,4,120.057
7536729,33,1,9,"E","a",5,5,36.74
1885900,31,1,9,"E","a",5,2,16.879
2103773,24,1,9,"E","a",6,6,31.319
8662451,32,1,9,"E","a",4,5,45.513
5025724,43,1,9,"E","a",5,6,76.029
1549920,22,2,9,"E","a",4,6,53.675
2998841,21,2,9,"E","a",6,7,117.128
6950339,25,1,9,"E","a",5,5,89.532
1496268,38,2,9,"E","a",3,4,163.581
201824,46,2,9,"E","a",2,7,92.426
6998931,54,1,9,"E","a",5,5,87.226
89415,23,1,9,"E","a",7,7,81.344
4443433,30,2,9,"E","a",2,6,48.427
6240613,24,1,9,"E","a",2,4,83.463
5547114,28,1,9,"E","a",7,7,19.818
5139703,65,2,9,"E","a",5,3,170.91
2623763,20,1,9,"E","a",4,6,45.854
4751786,26,1,9,"E","a",6,6,56.244
4309428,28,1,9,"E","a",4,6,30.067
7798801,40,2,9,"E","a",6,6,88.923
3972370,28,1,9,"E","a",3,6,52.517
639221,25,2,9,"E","a",5,6,51.577
4727503,25,1,9,"E","a",6,5,54.506
9686670,29,1,9,"E","a",4,7,33.183
132944,25,2,9,"E","i",4,5,29.921
563933,29,2,9,"E","i",4,6,83.864
4004405,34,1,9,"E","i",3,6,55.94
7954512,23,2,9,"E","i",1,3,82.101
7851935,49,2,9,"E","i",3,4,75.203
2094409,39,1,9,"E","i",5,5,39.858
1404186,32,1,9,"E","i",6,5,48.739
5041230,30,1,9,"E","i",2,4,446.38
7330136,34,1,9,"E","i",4,7,68.873
7189953,36,2,9,"E","i",3,5,40.833
7639413,35,2,9,"E","i",4,3,82.446
5522501,26,2,9,"E","i",3,5,50.903
1280266,59,1,9,"E","i",5,7,79.589
9048056,42,1,9,"E","i",6,6,45.594
2489600,33,1,9,"E","i",5,5,38.996
16883,34,2,9,"E","i",3,4,45.202
3254833,32,2,9,"E","i",4,4,139.532
4540929,29,2,9,"E","i",2,3,50.092
9925742,49,1,9,"E","i",3,5,51.953
6172275,26,2,9,"E","i",5,5,93.336
9050288,24,2,9,"E","i",3,3,54.487
1955626,27,2,9,"E","i",3,4,47.436
1663753,26,2,9,"E","i",4,6,55.35
1094078,35,1,9,"E","i",6,6,197.756
7742678,25,1,9,"E","i",1,7,318.058
7019352,43,2,9,"E","i",4,5,53.982
8623111,20,1,9,"E","i",3,5,43.233
8306200,34,1,9,"E","i",4,5,109.566
110329,62,2,9,"E","i",2,5,111.156
8765050,36,2,9,"E","i",4,4,73.362
7969711,69,2,9,"E","i",4,4,189.021
3060207,25,2,9,"E","i",6,7,41.913
8225731,38,2,9,"E","i",4,4,107.298
3227263,37,2,9,"E","i",3,2,44.164
804893,40,1,9,"E","i",3,5,27.125
4894309,25,2,9,"E","i",2,6,24.174
7922361,25,1,9,"E","i",3,5,57.985
5331001,38,2,9,"E","i",2,2,52.623
7218046,59,2,9,"E","i",3,3,90.893
3880459,30,1,9,"E","i",1,3,57.01
5050714,31,2,9,"E","i",4,4,65.262
553305,44,2,9,"E","i",2,5,74.822
7793541,63,1,9,"E","i",6,4,99.726
625916,35,1,9,"E","i",5,5,29.651
825891,54,2,9,"E","i",4,5,81.698
4610537,36,1,9,"E","i",1,1,48.792
4393898,57,1,9,"E","i",2,3,79.627
2966096,75,2,9,"E","i",5,5,93.221
4242415,65,1,9,"E","i",4,4,69.199
6091886,28,1,9,"E","i",4,4,41.881
5020416,50,1,9,"E","i",3,5,79.814
3861915,29,2,9,"E","i",4,5,56.817
3328013,30,1,9,"E","i",3,4,60.229
4845583,39,1,9,"E","i",4,4,48.523
7686433,46,2,9,"E","i",1,4,102.336
9735234,35,1,9,"E","i",5,6,54.958
6940357,42,2,9,"E","i",1,5,43.118
4640663,34,2,9,"E","i",5,5,36.839
9728570,19,1,9,"E","i",3,4,45.558
6088116,20,1,9,"E","i",2,3,50.474
3108916,27,2,9,"E","i",4,5,89.843
4520380,29,2,9,"E","i",5,5,34.012
6335150,57,1,9,"E","i",5,5,134.76
6592661,19,1,9,"E","i",5,4,26.999
4915940,32,1,9,"E","i",3,7,135.373
2757963,29,1,9,"E","i",3,3,30.048
2435212,27,1,9,"E","i",4,5,29.393
993245,55,2,9,"E","i",7,7,59.887
8086226,30,2,9,"E","i",5,6,35.774
9216410,30,2,9,"E","i",4,5,51.09
2275982,23,1,9,"E","i",4,4,37.537
5983925,21,1,9,"E","i",4,5,93.321
9840937,41,1,9,"E","i",2,4,79.399
4598653,23,2,9,"E","i",2,5,60.25
2499553,48,2,9,"E","i",4,5,69.523
1127161,18,1,9,"E","i",5,5,104.583
3174258,64,2,9,"E","i",6,7,46.72
9665673,25,1,9,"E","i",4,6,33.62
1321495,38,2,9,"E","i",4,4,77.885
4825854,43,1,9,"E","i",5,5,35.037
2095467,22,1,9,"E","i",3,2,39.176
5499588,30,1,9,"E","i",2,6,55.797
1018310,33,2,9,"E","i",1,1,41.64
9696664,31,2,9,"E","i",2,6,49.117
8745052,34,1,9,"E","i",3,6,51.4
5796086,24,1,9,"E","i",5,6,23.89
3947197,20,1,9,"E","i",3,5,41.768
4860791,22,1,9,"E","i",2,6,68.819
1569209,21,3,9,"E","i",4,6,64.153
3017615,68,2,9,"E","i",4,5,120.16
7580046,29,1,9,"E","i",4,4,99.971
3722992,25,1,9,"E","i",4,3,13.627
2798317,23,1,9,"E","i",4,5,68.328
5027832,35,2,9,"E","i",3,5,327.315
6094563,29,1,9,"E","i",3,5,63.272
9204114,24,2,9,"E","i",4,5,54.232
1285728,37,2,9,"E","i",4,4,60.455
5529528,29,1,9,"E","i",3,3,82.661
671903,24,1,9,"E","i",4,2,50.914
4788449,62,1,9,"E","i",4,4,90.066
3980850,38,2,9,"E","i",4,4,68.239
3747235,26,2,9,"E","i",4,4,44.182
5815164,37,2,9,"E","i",4,5,78.267
7768415,26,1,26,"E","a",4,5,15.349
6977209,28,1,26,"E","a",4,5,41.429
132944,25,2,26,"E","a",3,2,24.452
4004405,34,1,26,"E","a",5,1,70.327
7954512,23,2,26,"E","a",3,4,41.772
1404186,32,1,26,"E","a",5,5,38.89
9357926,38,1,26,"E","a",4,6,38.884
7330136,34,1,26,"E","a",5,7,38.589
6220726,23,1,26,"E","a",5,6,18.285
7639413,35,2,26,"E","a",5,5,54.605
7905132,23,1,26,"E","a",5,5,55.817
1280266,59,1,26,"E","a",3,5,98.773
5442697,24,1,26,"E","a",4,6,46.711
9048056,42,1,26,"E","a",5,6,68.033
8911376,52,2,26,"E","a",5,5,121.084
2489600,33,1,26,"E","a",3,4,65.556
6455300,41,2,26,"E","a",5,5,87.088
4540929,29,2,26,"E","a",1,4,54.472
146827,32,2,26,"E","a",4,4,76.865
7120347,46,1,26,"E","a",6,7,89.533
6172275,26,2,26,"E","a",5,6,57.402
5511592,31,2,26,"E","a",5,7,93.977
1584129,34,2,26,"E","a",5,4,56.85
1663753,26,2,26,"E","a",4,6,60.918
7742678,25,1,26,"E","a",5,3,43.717
4690881,24,2,26,"E","a",4,5,54.942
8623111,20,1,26,"E","a",1,1,51.153
110329,62,2,26,"E","a",2,5,85.562
7969711,69,2,26,"E","a",6,6,157.478
2501490,30,1,26,"E","a",3,7,43.051
3008527,33,2,26,"E","a",6,7,38.594
3227263,37,2,26,"E","a",3,4,50.339
8685161,24,1,26,"E","a",4,4,37.864
4488801,63,2,26,"E","a",6,5,104.796
6974566,46,2,26,"E","a",5,5,110.381
804893,40,1,26,"E","a",4,5,18.705
318539,29,1,26,"E","a",4,5,47.279
2329135,35,2,26,"E","a",3,4,50.919
3880459,30,1,26,"E","a",3,6,57.771
7511126,30,1,26,"E","a",5,6,50.658
7905251,62,2,26,"E","a",4,4,75.923
5050714,31,2,26,"E","a",6,6,70.545
7793541,63,1,26,"E","a",7,6,76.752
625916,35,1,26,"E","a",5,5,35.966
825891,54,2,26,"E","a",4,4,87.745
2966096,75,2,26,"E","a",5,5,101.625
4242415,65,1,26,"E","a",5,4,58.862
6091886,28,1,26,"E","a",5,6,30.873
5020416,50,1,26,"E","a",5,6,70.505
3861915,29,2,26,"E","a",5,5,52.948
2470879,38,1,26,"E","a",5,5,44.353
7686433,46,2,26,"E","a",1,5,84.829
9735234,35,1,26,"E","a",7,7,68.342
6940357,42,2,26,"E","a",1,6,42.682
4640663,34,2,26,"E","a",4,4,43.762
4760970,19,1,26,"E","a",2,4,48.697
5015741,35,2,26,"E","a",6,6,50.099
3108916,27,2,26,"E","a",5,6,73.378
4472886,34,1,26,"E","a",5,4,25.107
4520380,29,2,26,"E","a",5,6,41.016
6335150,57,1,26,"E","a",5,4,139.684
99025,28,1,26,"E","a",6,6,47.503
4915940,32,1,26,"E","a",5,6,110.564
5451244,32,2,26,"E","a",4,5,30.008
3894117,26,2,26,"E","a",3,5,29.061
8418786,46,1,26,"E","a",5,6,75.929
9216410,30,2,26,"E","a",4,3,44.193
3741810,38,1,26,"E","a",4,5,44.689
5983925,21,1,26,"E","a",3,4,51.623
1943057,29,2,26,"E","a",5,6,59.679
1678545,57,2,26,"E","a",6,6,60.292
9840937,41,1,26,"E","a",4,6,102.563
3295583,26,2,26,"E","a",5,5,45.799
6945661,27,1,26,"E","a",5,5,52.647
4598653,23,2,26,"E","a",2,5,53.725
7536729,33,1,26,"E","a",4,5,74.291
4825854,43,1,26,"E","a",6,6,27.866
8662451,32,1,26,"E","a",4,5,59.9
5499588,30,1,26,"E","a",2,6,45.055
5025724,43,1,26,"E","a",4,6,88.047
1018310,33,2,26,"E","a",6,6,84.972
89415,23,1,26,"E","a",7,7,97.902
8745052,34,1,26,"E","a",4,7,44.362
3947197,20,1,26,"E","a",4,3,53.095
4860791,22,1,26,"E","a",3,5,82.627
1569209,21,3,26,"E","a",7,7,39.11
6240613,24,1,26,"E","a",2,6,76.243
5139703,65,2,26,"E","a",4,4,55.308
2798317,23,1,26,"E","a",4,5,59.05
5027832,35,2,26,"E","a",4,4,58.802
6094563,29,1,26,"E","a",4,5,65.626
9204114,24,2,26,"E","a",4,4,56.425
1285728,37,2,26,"E","a",7,7,39.851
5529528,29,1,26,"E","a",5,4,69.99
671903,24,1,26,"E","a",4,3,66.315
639221,25,2,26,"E","a",4,4,50.753
5815164,37,2,26,"E","a",5,6,146.643
9686670,29,1,26,"E","a",4,6,61.5
8495925,44,1,26,"E","i",4,5,65.525
263878,31,1,26,"E","i",3,5,47.561
563933,29,2,26,"E","i",4,3,60.333
3276120,28,2,26,"E","i",3,5,56.539
7851935,49,2,26,"E","i",5,5,49.255
4036846,30,1,26,"E","i",3,4,79.747
9034432,35,2,26,"E","i",4,4,96.954
2094409,39,1,26,"E","i",4,3,66.377
5041230,30,1,26,"E","i",5,4,30.337
2276476,25,2,26,"E","i",5,5,47.958
7189953,36,2,26,"E","i",5,4,56.052
8995818,68,2,26,"E","i",5,6,70.323
5522501,26,2,26,"E","i",4,6,64.914
4597567,20,1,26,"E","i",4,4,66.519
2690286,36,2,26,"E","i",4,7,37.033
4856039,33,2,26,"E","i",5,4,85.651
952975,41,2,26,"E","i",4,4,65.891
2534739,30,1,26,"E","i",4,7,96.188
16883,34,2,26,"E","i",3,3,49.433
1687498,47,2,26,"E","i",3,3,101.031
3254833,32,2,26,"E","i",4,5,107.608
967291,49,1,26,"E","i",2,5,87.003
3888420,28,1,26,"E","i",4,5,115.648
9925742,49,1,26,"E","i",3,5,62.504
1149847,33,2,26,"E","i",4,5,65.588
9050288,24,2,26,"E","i",3,2,74.609
1955626,27,2,26,"E","i",6,6,58.832
1094078,35,1,26,"E","i",4,2,125.624
7986196,24,1,26,"E","i",5,4,56.367
7019352,43,2,26,"E","i",5,4,63.616
8306200,34,1,26,"E","i",4,4,71.843
1460786,40,2,26,"E","i",1,4,182.093
8765050,36,2,26,"E","i",5,6,68.495
3060207,25,2,26,"E","i",5,5,98.816
4623082,24,1,26,"E","i",2,5,55.195
8225731,38,2,26,"E","i",3,3,143.148
5917799,42,2,26,"E","i",5,5,83.431
5035966,61,2,26,"E","i",2,2,56.613
2772843,21,2,26,"E","i",4,6,27.21
4894309,25,2,26,"E","i",1,1,26.669
7922361,25,1,26,"E","i",6,7,53.641
5331001,38,2,26,"E","i",4,3,99.588
5119631,56,1,26,"E","i",4,6,111.201
7218046,59,2,26,"E","i",2,2,78.982
1585966,34,2,26,"E","i",5,7,69.787
9815106,41,1,26,"E","i",4,6,62.358
553305,44,2,26,"E","i",5,5,120.156
6786809,23,1,26,"E","i",5,3,168.121
9677725,37,2,26,"E","i",4,3,92.987
9008802,24,2,26,"E","i",5,6,43.934
7821551,25,2,26,"E","i",4,6,56.072
4610537,36,1,26,"E","i",2,2,50.243
4393898,57,1,26,"E","i",1,1,65.989
7742488,31,2,26,"E","i",4,6,14.767
9055826,40,1,26,"E","i",4,5,38.18
5784368,26,2,26,"E","i",4,3,57.298
3328013,30,1,26,"E","i",5,3,85.282
4845583,39,1,26,"E","i",4,4,62.676
9618344,59,2,26,"E","i",4,4,81.384
1154800,46,2,26,"E","i",3,3,85.881
9728570,19,1,26,"E","i",3,5,42.315
6088116,20,1,26,"E","i",5,5,62.037
6592661,19,1,26,"E","i",6,5,24.421
7673980,39,1,26,"E","i",4,5,36.907
2757963,29,1,26,"E","i",6,6,38.098
2435212,27,1,26,"E","i",4,6,38.529
8286994,30,1,26,"E","i",6,7,41.387
993245,55,2,26,"E","i",5,5,65.241
8086226,30,2,26,"E","i",7,7,43.087
7318364,46,1,26,"E","i",4,3,89.681
2759629,25,2,26,"E","i",4,6,75.816
2275982,23,1,26,"E","i",4,4,40.451
2499553,48,2,26,"E","i",3,3,58.582
1127161,18,1,26,"E","i",6,3,100.147
3174258,64,2,26,"E","i",6,7,51.451
9665673,25,1,26,"E","i",4,5,46.049
1321495,38,2,26,"E","i",4,4,44.37
1885900,31,1,26,"E","i",5,6,14.599
2103773,24,1,26,"E","i",2,3,18.938
2095467,22,1,26,"E","i",4,5,319.033
1549920,22,2,26,"E","i",5,5,65.805
2998841,21,2,26,"E","i",5,6,212.127
6950339,25,1,26,"E","i",2,4,133.526
9696664,31,2,26,"E","i",5,6,50.22
1496268,38,2,26,"E","i",2,1,151.507
201824,46,2,26,"E","i",1,3,250.469
6998931,54,1,26,"E","i",4,5,113.152
4443433,30,2,26,"E","i",2,5,59.245
5796086,24,1,26,"E","i",5,5,29.787
5547114,28,1,26,"E","i",1,1,32.347
3017615,68,2,26,"E","i",3,3,70.286
2623763,20,1,26,"E","i",3,3,47.529
4751786,26,1,26,"E","i",5,4,126.129
4309428,28,1,26,"E","i",5,5,40.574
7580046,29,1,26,"E","i",4,4,109.362
3722992,25,1,26,"E","i",4,3,13.493
7798801,40,2,26,"E","i",6,4,60.635
3972370,28,1,26,"E","i",2,4,94.938
4788449,62,1,26,"E","i",4,3,99.696
3980850,38,2,26,"E","i",4,4,51.904
3747235,26,2,26,"E","i",4,4,127.204
4727503,25,1,26,"E","i",5,6,60.177
7768415,26,1,35,"E","a",5,5,88.716
6977209,28,1,35,"E","a",5,4,17.681
263878,31,1,35,"E","a",3,2,42.027
563933,29,2,35,"E","a",4,5,57.698
4004405,34,1,35,"E","a",2,3,94.815
4036846,30,1,35,"E","a",4,5,74.246
1404186,32,1,35,"E","a",6,5,109.805
7330136,34,1,35,"E","a",4,5,41.574
7639413,35,2,35,"E","a",4,3,48.781
5522501,26,2,35,"E","a",3,5,49.727
1280266,59,1,35,"E","a",2,3,74.727
5442697,24,1,35,"E","a",3,6,44.953
9048056,42,1,35,"E","a",4,5,41.762
8911376,52,2,35,"E","a",7,7,54.543
952975,41,2,35,"E","a",4,4,56.826
2489600,33,1,35,"E","a",4,4,17.241
16883,34,2,35,"E","a",4,5,43.697
6455300,41,2,35,"E","a",6,6,77.919
3254833,32,2,35,"E","a",4,4,154.863
4540929,29,2,35,"E","a",4,5,47.498
6172275,26,2,35,"E","a",5,6,68.062
5511592,31,2,35,"E","a",7,7,64.344
1955626,27,2,35,"E","a",3,3,423.11
1584129,34,2,35,"E","a",4,4,42.66
1663753,26,2,35,"E","a",4,4,49.688
1094078,35,1,35,"E","a",6,6,61.853
8306200,34,1,35,"E","a",4,5,506.807
110329,62,2,35,"E","a",3,4,96.292
7969711,69,2,35,"E","a",4,3,142.06
3060207,25,2,35,"E","a",7,7,45.836
8225731,38,2,35,"E","a",3,3,161.979
3008527,33,2,35,"E","a",6,7,51.186
3227263,37,2,35,"E","a",5,5,34.606
8685161,24,1,35,"E","a",5,5,28.982
4488801,63,2,35,"E","a",3,3,69.523
804893,40,1,35,"E","a",3,3,22.146
318539,29,1,35,"E","a",2,4,251.927
4894309,25,2,35,"E","a",1,6,29.932
5331001,38,2,35,"E","a",5,4,78.295
7218046,59,2,35,"E","a",1,1,86.127
1585966,34,2,35,"E","a",4,2,58.088
7905251,62,2,35,"E","a",6,6,44.49
9815106,41,1,35,"E","a",6,6,42.807
7793541,63,1,35,"E","a",6,6,69.629
625916,35,1,35,"E","a",5,5,33.699
6786809,23,1,35,"E","a",3,3,10.871
825891,54,2,35,"E","a",4,4,66.258
9677725,37,2,35,"E","a",4,6,64.511
4610537,36,1,35,"E","a",2,5,58.24
7742488,31,2,35,"E","a",7,6,56.819
4242415,65,1,35,"E","a",3,3,68.807
3861915,29,2,35,"E","a",4,6,63.69
9055826,40,1,35,"E","a",4,4,35.134
7686433,46,2,35,"E","a",2,6,132.256
9735234,35,1,35,"E","a",1,2,64.605
6940357,42,2,35,"E","a",1,3,53.253
9618344,59,2,35,"E","a",4,4,68.872
4640663,34,2,35,"E","a",2,2,40.75
6088116,20,1,35,"E","a",2,6,45.18
3108916,27,2,35,"E","a",4,4,112.932
4520380,29,2,35,"E","a",4,4,36.756
99025,28,1,35,"E","a",5,4,42.314
4915940,32,1,35,"E","a",5,6,95.17
3894117,26,2,35,"E","a",4,4,48.448
2757963,29,1,35,"E","a",5,6,31.623
8286994,30,1,35,"E","a",6,6,38.233
993245,55,2,35,"E","a",6,6,59.296
8418786,46,1,35,"E","a",4,4,55.43
8086226,30,2,35,"E","a",7,7,33.581
7318364,46,1,35,"E","a",4,6,99.039
9216410,30,2,35,"E","a",3,3,45.721
3741810,38,1,35,"E","a",5,5,38.932
2275982,23,1,35,"E","a",4,4,36.467
5983925,21,1,35,"E","a",3,5,43.429
1943057,29,2,35,"E","a",4,6,61.875
1678545,57,2,35,"E","a",4,4,53.552
9840937,41,1,35,"E","a",2,4,141.276
2499553,48,2,35,"E","a",5,7,51.116
7536729,33,1,35,"E","a",5,5,23.438
1127161,18,1,35,"E","a",5,5,35.16
3174258,64,2,35,"E","a",5,6,50.621
4825854,43,1,35,"E","a",4,4,30.827
2103773,24,1,35,"E","a",6,5,283.833
2095467,22,1,35,"E","a",4,5,37.913
5499588,30,1,35,"E","a",2,6,52.703
1018310,33,2,35,"E","a",5,7,49.129
1496268,38,2,35,"E","a",6,6,134.528
8745052,34,1,35,"E","a",3,6,44.799
5796086,24,1,35,"E","a",4,4,84.519
3947197,20,1,35,"E","a",3,4,49.559
6240613,24,1,35,"E","a",5,4,89.859
2623763,20,1,35,"E","a",3,4,133.57
7580046,29,1,35,"E","a",7,7,55.309
2798317,23,1,35,"E","a",4,7,52.785
6094563,29,1,35,"E","a",5,5,93.826
1285728,37,2,35,"E","a",5,7,91.039
5529528,29,1,35,"E","a",6,5,936.622
671903,24,1,35,"E","a",3,4,78.772
639221,25,2,35,"E","a",6,6,47.689
4788449,62,1,35,"E","a",4,5,67.659
3980850,38,2,35,"E","a",4,3,43.842
3747235,26,2,35,"E","a",4,4,626.519
9686670,29,1,35,"E","a",4,5,40.817
132944,25,2,35,"E","i",3,3,36.801
8495925,44,1,35,"E","i",4,3,57.016
3276120,28,2,35,"E","i",2,3,64.798
7954512,23,2,35,"E","i",1,1,35.969
7851935,49,2,35,"E","i",4,4,95.151
9034432,35,2,35,"E","i",2,2,61.693
2094409,39,1,35,"E","i",4,4,38.407
9357926,38,1,35,"E","i",4,4,36.99
5041230,30,1,35,"E","i",4,3,80.274
6220726,23,1,35,"E","i",5,6,27.614
2276476,25,2,35,"E","i",3,3,58.665
7189953,36,2,35,"E","i",3,2,39.417
8995818,68,2,35,"E","i",5,5,61.836
4597567,20,1,35,"E","i",6,1,76.511
7905132,23,1,35,"E","i",3,4,84.378
2690286,36,2,35,"E","i",4,6,49.334
4856039,33,2,35,"E","i",3,2,68.225
2534739,30,1,35,"E","i",3,6,88.071
1687498,47,2,35,"E","i",5,6,77.481
967291,49,1,35,"E","i",3,5,69.311
3888420,28,1,35,"E","i",5,3,207.531
146827,32,2,35,"E","i",4,5,77.82
9925742,49,1,35,"E","i",3,3,66.626
7120347,46,1,35,"E","i",3,4,83.435
1149847,33,2,35,"E","i",4,3,56.081
9050288,24,2,35,"E","i",3,5,50.33
7742678,25,1,35,"E","i",2,6,63.731
7986196,24,1,35,"E","i",6,5,47.612
7019352,43,2,35,"E","i",5,4,157.433
4690881,24,2,35,"E","i",4,4,43.218
8623111,20,1,35,"E","i",2,5,78.437
1460786,40,2,35,"E","i",2,3,88.862
8765050,36,2,35,"E","i",3,4,316.854
4623082,24,1,35,"E","i",5,2,44.923
2501490,30,1,35,"E","i",2,2,59.908
5917799,42,2,35,"E","i",5,5,76.232
5035966,61,2,35,"E","i",4,1,55.084
6974566,46,2,35,"E","i",6,6,119.501
2772843,21,2,35,"E","i",5,4,19.751
7922361,25,1,35,"E","i",5,7,45.604
2329135,35,2,35,"E","i",2,4,69.833
5119631,56,1,35,"E","i",5,6,73.102
3880459,30,1,35,"E","i",1,5,61.948
7511126,30,1,35,"E","i",3,2,31.869
5050714,31,2,35,"E","i",4,4,79.725
553305,44,2,35,"E","i",3,3,80.88
9008802,24,2,35,"E","i",5,7,38.359
7821551,25,2,35,"E","i",3,5,51.588
4393898,57,1,35,"E","i",2,2,67.629
2966096,75,2,35,"E","i",6,5,91.581
6091886,28,1,35,"E","i",7,7,64.718
5020416,50,1,35,"E","i",4,4,55.668
2470879,38,1,35,"E","i",4,4,60.263
5784368,26,2,35,"E","i",4,2,78.702
3328013,30,1,35,"E","i",3,3,67.394
4845583,39,1,35,"E","i",4,5,65.609
1154800,46,2,35,"E","i",3,4,94.755
9728570,19,1,35,"E","i",4,5,46.53
4760970,19,1,35,"E","i",3,4,77.508
5015741,35,2,35,"E","i",5,5,38.755
4472886,34,1,35,"E","i",4,4,21.609
6335150,57,1,35,"E","i",4,5,99.929
6592661,19,1,35,"E","i",5,4,39.974
5451244,32,2,35,"E","i",6,4,40.266
7673980,39,1,35,"E","i",4,5,54.885
2435212,27,1,35,"E","i",3,5,49.9
2759629,25,2,35,"E","i",4,6,96.86
3295583,26,2,35,"E","i",4,5,47.406
6945661,27,1,35,"E","i",3,2,68.108
4598653,23,2,35,"E","i",1,1,54.344
9665673,25,1,35,"E","i",4,4,113.645
1321495,38,2,35,"E","i",4,4,34.531
1885900,31,1,35,"E","i",4,4,73.759
8662451,32,1,35,"E","i",4,5,59.912
5025724,43,1,35,"E","i",3,4,85.894
1549920,22,2,35,"E","i",2,5,65.946
2998841,21,2,35,"E","i",5,3,96.508
6950339,25,1,35,"E","i",1,2,92.038
9696664,31,2,35,"E","i",4,3,55.93
201824,46,2,35,"E","i",2,7,122.3
6998931,54,1,35,"E","i",6,6,139.292
89415,23,1,35,"E","i",4,6,110.237
4443433,30,2,35,"E","i",3,3,60.896
4860791,22,1,35,"E","i",3,5,105.276
1569209,21,3,35,"E","i",4,5,49.518
5547114,28,1,35,"E","i",1,2,25.342
5139703,65,2,35,"E","i",3,5,69.422
3017615,68,2,35,"E","i",4,5,80.484
4751786,26,1,35,"E","i",3,4,105.119
4309428,28,1,35,"E","i",4,5,33.824
3722992,25,1,35,"E","i",3,4,17.477
5027832,35,2,35,"E","i",5,6,123.334
9204114,24,2,35,"E","i",4,5,80.799
7798801,40,2,35,"E","i",1,4,83.695
3972370,28,1,35,"E","i",4,5,58.93
5815164,37,2,35,"E","i",4,5,87.711
4727503,25,1,35,"E","i",5,3,65.972
7768415,26,1,1,"S","a",4,5,33.695
6977209,28,1,1,"S","a",4,6,30.093
8495925,44,1,1,"S","a",4,3,70.523
4004405,34,1,1,"S","a",5,2,42.254
3276120,28,2,1,"S","a",3,3,48.967
7954512,23,2,1,"S","a",4,6,50.966
7851935,49,2,1,"S","a",5,5,45.159
4036846,30,1,1,"S","a",2,2,131.568
7330136,34,1,1,"S","a",6,3,39.795
7189953,36,2,1,"S","a",5,5,40.221
7639413,35,2,1,"S","a",4,4,45.374
5522501,26,2,1,"S","a",4,5,40.071
4597567,20,1,1,"S","a",6,2,80.96
7905132,23,1,1,"S","a",3,2,88.985
1280266,59,1,1,"S","a",1,1,95.786
2690286,36,2,1,"S","a",5,1,50.9
5442697,24,1,1,"S","a",5,4,56.031
9048056,42,1,1,"S","a",4,2,102.677
2489600,33,1,1,"S","a",5,5,26.307
16883,34,2,1,"S","a",3,2,76.798
3254833,32,2,1,"S","a",4,5,106.979
4540929,29,2,1,"S","a",1,1,157.641
7120347,46,1,1,"S","a",4,2,112.701
1149847,33,2,1,"S","a",4,3,60.92
1094078,35,1,1,"S","a",3,3,173.356
7742678,25,1,1,"S","a",2,5,198.81
4690881,24,2,1,"S","a",4,4,51.856
8623111,20,1,1,"S","a",1,1,73.113
8306200,34,1,1,"S","a",4,3,63.278
110329,62,2,1,"S","a",3,2,120.725
8765050,36,2,1,"S","a",5,5,144.812
8225731,38,2,1,"S","a",4,4,47.14
3008527,33,2,1,"S","a",4,6,50.194
5917799,42,2,1,"S","a",5,3,74.296
3227263,37,2,1,"S","a",3,4,37.17
804893,40,1,1,"S","a",4,3,23.374
7922361,25,1,1,"S","a",4,4,55.595
2329135,35,2,1,"S","a",2,4,54.011
5119631,56,1,1,"S","a",4,2,70.241
3880459,30,1,1,"S","a",2,2,98.603
7511126,30,1,1,"S","a",3,3,31.956
7905251,62,2,1,"S","a",4,2,67.137
5050714,31,2,1,"S","a",2,2,76.608
9677725,37,2,1,"S","a",4,2,74.304
9008802,24,2,1,"S","a",6,1,37.836
7821551,25,2,1,"S","a",4,3,46.71
4393898,57,1,1,"S","a",2,2,67.8
2966096,75,2,1,"S","a",5,5,91.179
4242415,65,1,1,"S","a",4,3,89.037
6091886,28,1,1,"S","a",2,2,35.494
5020416,50,1,1,"S","a",3,3,74.566
3328013,30,1,1,"S","a",5,3,62.882
6940357,42,2,1,"S","a",1,1,42.661
4640663,34,2,1,"S","a",1,1,45.78
1154800,46,2,1,"S","a",2,3,82.405
6088116,20,1,1,"S","a",6,1,52.682
4760970,19,1,1,"S","a",2,3,78.173
5015741,35,2,1,"S","a",6,6,265.351
3108916,27,2,1,"S","a",4,6,89.525
4472886,34,1,1,"S","a",5,4,21.916
6592661,19,1,1,"S","a",5,4,26.024
99025,28,1,1,"S","a",5,2,42.719
4915940,32,1,1,"S","a",3,4,146.899
5451244,32,2,1,"S","a",6,6,40.363
3894117,26,2,1,"S","a",5,5,28.124
993245,55,2,1,"S","a",5,3,61.146
8418786,46,1,1,"S","a",4,5,64.675
2275982,23,1,1,"S","a",4,4,35.659
9840937,41,1,1,"S","a",3,2,134.047
3295583,26,2,1,"S","a",4,3,37.737
6945661,27,1,1,"S","a",4,5,70.867
4598653,23,2,1,"S","a",1,2,47.044
2103773,24,1,1,"S","a",4,6,142.518
2095467,22,1,1,"S","a",3,1,80.326
8662451,32,1,1,"S","a",4,4,62.893
5025724,43,1,1,"S","a",5,4,97.361
2998841,21,2,1,"S","a",6,7,66.2
6950339,25,1,1,"S","a",2,2,121.365
9696664,31,2,1,"S","a",3,1,91.884
201824,46,2,1,"S","a",2,2,117.615
89415,23,1,1,"S","a",7,7,159.636
8745052,34,1,1,"S","a",2,2,365.64
5796086,24,1,1,"S","a",5,3,26.914
3947197,20,1,1,"S","a",3,2,42.773
4860791,22,1,1,"S","a",2,2,356.257
5139703,65,2,1,"S","a",4,4,35.223
2623763,20,1,1,"S","a",4,2,40.522
4751786,26,1,1,"S","a",2,2,131.735
7580046,29,1,1,"S","a",2,3,43.661
3722992,25,1,1,"S","a",5,5,302.361
2798317,23,1,1,"S","a",4,4,62.445
6094563,29,1,1,"S","a",4,4,89.499
9204114,24,2,1,"S","a",4,2,76.76
639221,25,2,1,"S","a",5,6,61.284
3980850,38,2,1,"S","a",4,4,65.14
3747235,26,2,1,"S","a",4,4,46.208
4727503,25,1,1,"S","a",5,3,55.381
132944,25,2,1,"S","i",4,5,51.402
263878,31,1,1,"S","i",5,2,55.82
563933,29,2,1,"S","i",2,2,56.313
9034432,35,2,1,"S","i",7,7,44.105
2094409,39,1,1,"S","i",5,5,39.756
1404186,32,1,1,"S","i",4,6,49.188
9357926,38,1,1,"S","i",4,3,57.022
5041230,30,1,1,"S","i",5,5,52.311
6220726,23,1,1,"S","i",4,3,32.217
2276476,25,2,1,"S","i",5,5,47.527
8995818,68,2,1,"S","i",4,4,76.308
4856039,33,2,1,"S","i",4,3,55.029
8911376,52,2,1,"S","i",7,5,76.521
952975,41,2,1,"S","i",4,4,80.813
2534739,30,1,1,"S","i",4,4,106.478
1687498,47,2,1,"S","i",2,2,84.42
6455300,41,2,1,"S","i",3,1,118.204
967291,49,1,1,"S","i",1,1,60.638
3888420,28,1,1,"S","i",4,4,80.624
146827,32,2,1,"S","i",4,3,66.976
9925742,49,1,1,"S","i",4,3,65.809
6172275,26,2,1,"S","i",5,5,84.452
5511592,31,2,1,"S","i",3,3,97.5
9050288,24,2,1,"S","i",4,3,52.125
1955626,27,2,1,"S","i",4,6,130.489
1584129,34,2,1,"S","i",3,1,44.99
1663753,26,2,1,"S","i",4,3,55.665
7986196,24,1,1,"S","i",5,7,38.717
7019352,43,2,1,"S","i",5,4,51.1
1460786,40,2,1,"S","i",1,1,83.043
7969711,69,2,1,"S","i",5,4,180.804
3060207,25,2,1,"S","i",3,2,80.181
4623082,24,1,1,"S","i",1,1,44.729
2501490,30,1,1,"S","i",1,3,46.679
8685161,24,1,1,"S","i",4,6,21.827
5035966,61,2,1,"S","i",4,1,51.071
4488801,63,2,1,"S","i",6,2,68.808
6974566,46,2,1,"S","i",5,4,202.916
2772843,21,2,1,"S","i",4,6,18.938
318539,29,1,1,"S","i",3,4,49.536
4894309,25,2,1,"S","i",1,1,26.422
5331001,38,2,1,"S","i",4,4,102.666
7218046,59,2,1,"S","i",3,3,87.206
1585966,34,2,1,"S","i",4,4,57.592
9815106,41,1,1,"S","i",4,6,33.319
553305,44,2,1,"S","i",3,5,89.077
7793541,63,1,1,"S","i",6,5,66.786
625916,35,1,1,"S","i",5,5,39.258
6786809,23,1,1,"S","i",4,2,141.413
825891,54,2,1,"S","i",4,3,83.507
4610537,36,1,1,"S","i",3,2,50.582
7742488,31,2,1,"S","i",5,6,18.047
3861915,29,2,1,"S","i",4,1,71.918
2470879,38,1,1,"S","i",5,5,49.422
9055826,40,1,1,"S","i",4,3,33.132
5784368,26,2,1,"S","i",5,4,68.684
4845583,39,1,1,"S","i",4,3,88.932
7686433,46,2,1,"S","i",1,1,113.25
9735234,35,1,1,"S","i",1,1,82.781
9618344,59,2,1,"S","i",3,3,88.662
9728570,19,1,1,"S","i",3,3,40.723
4520380,29,2,1,"S","i",4,4,37.897
6335150,57,1,1,"S","i",3,2,95.937
7673980,39,1,1,"S","i",4,4,26.62
2757963,29,1,1,"S","i",4,5,45.713
2435212,27,1,1,"S","i",4,2,47.876
8286994,30,1,1,"S","i",3,3,42.321
8086226,30,2,1,"S","i",4,6,50.21
7318364,46,1,1,"S","i",4,3,58.036
9216410,30,2,1,"S","i",4,3,49.93
3741810,38,1,1,"S","i",2,2,63.546
2759629,25,2,1,"S","i",2,2,63.312
5983925,21,1,1,"S","i",6,4,114.094
1943057,29,2,1,"S","i",5,1,94.361
1678545,57,2,1,"S","i",3,2,78.711
2499553,48,2,1,"S","i",5,5,64.898
7536729,33,1,1,"S","i",5,4,20.736
1127161,18,1,1,"S","i",5,5,36.925
3174258,64,2,1,"S","i",4,2,78.136
9665673,25,1,1,"S","i",3,2,45.479
1321495,38,2,1,"S","i",4,4,48.88
1885900,31,1,1,"S","i",6,4,23.946
4825854,43,1,1,"S","i",5,6,38.269
5499588,30,1,1,"S","i",2,1,101.63
1549920,22,2,1,"S","i",2,2,105.867
1018310,33,2,1,"S","i",1,1,54.749
1496268,38,2,1,"S","i",5,3,127.301
6998931,54,1,1,"S","i",4,4,99.009
4443433,30,2,1,"S","i",3,4,50.811
1569209,21,3,1,"S","i",1,3,98.1
6240613,24,1,1,"S","i",3,3,86.75
5547114,28,1,1,"S","i",3,3,79.537
3017615,68,2,1,"S","i",3,4,94.662
4309428,28,1,1,"S","i",5,6,95.85
5027832,35,2,1,"S","i",3,3,280.485
1285728,37,2,1,"S","i",2,2,69.283
5529528,29,1,1,"S","i",3,1,71.691
7798801,40,2,1,"S","i",6,7,95.827
671903,24,1,1,"S","i",5,6,47.061
3972370,28,1,1,"S","i",4,5,73.892
4788449,62,1,1,"S","i",4,4,112.757
5815164,37,2,1,"S","i",6,5,330.067
9686670,29,1,1,"S","i",3,2,40.03
7768415,26,1,3,"S","a",4,4,17.586
132944,25,2,3,"S","a",5,5,26.773
263878,31,1,3,"S","a",4,3,80.552
563933,29,2,3,"S","a",2,1,53.834
4004405,34,1,3,"S","a",3,1,53.389
3276120,28,2,3,"S","a",2,3,55.431
7954512,23,2,3,"S","a",1,1,45.916
2094409,39,1,3,"S","a",3,2,52.099
5041230,30,1,3,"S","a",4,3,131.387
7189953,36,2,3,"S","a",3,5,38.122
7639413,35,2,3,"S","a",4,3,39.545
5522501,26,2,3,"S","a",2,3,43.443
4597567,20,1,3,"S","a",4,5,91.803
9048056,42,1,3,"S","a",6,6,43.324
952975,41,2,3,"S","a",4,3,58.853
16883,34,2,3,"S","a",2,2,65.451
1687498,47,2,3,"S","a",5,2,118.977
6455300,41,2,3,"S","a",2,1,160.713
967291,49,1,3,"S","a",2,2,60.163
3888420,28,1,3,"S","a",4,4,109.931
4540929,29,2,3,"S","a",1,1,44.933
146827,32,2,3,"S","a",4,2,66.514
9925742,49,1,3,"S","a",4,5,84.065
7120347,46,1,3,"S","a",5,4,90.521
6172275,26,2,3,"S","a",5,4,273.536
1149847,33,2,3,"S","a",5,2,88.242
9050288,24,2,3,"S","a",2,3,53.124
1094078,35,1,3,"S","a",3,2,61.976
7019352,43,2,3,"S","a",5,3,57.703
8623111,20,1,3,"S","a",2,2,62.919
1460786,40,2,3,"S","a",4,1,92.776
8765050,36,2,3,"S","a",4,3,63.37
7969711,69,2,3,"S","a",4,3,169.389
3060207,25,2,3,"S","a",1,1,49.033
2501490,30,1,3,"S","a",2,1,46.661
8225731,38,2,3,"S","a",4,3,85.09
318539,29,1,3,"S","a",3,3,40.276
7922361,25,1,3,"S","a",4,3,74.925
2329135,35,2,3,"S","a",1,2,51.465
5119631,56,1,3,"S","a",3,3,69.275
7218046,59,2,3,"S","a",3,3,100.899
7905251,62,2,3,"S","a",4,2,51.355
5050714,31,2,3,"S","a",2,2,103.572
7793541,63,1,3,"S","a",5,5,72.281
625916,35,1,3,"S","a",5,4,30.416
6786809,23,1,3,"S","a",4,5,80.864
9677725,37,2,3,"S","a",4,3,91.052
4610537,36,1,3,"S","a",1,1,36.37
4393898,57,1,3,"S","a",2,1,69.003
2966096,75,2,3,"S","a",6,6,98.451
7742488,31,2,3,"S","a",5,6,15.943
5020416,50,1,3,"S","a",4,6,59.296
3861915,29,2,3,"S","a",4,4,60.405
9055826,40,1,3,"S","a",3,3,41.974
3328013,30,1,3,"S","a",2,1,49.944
9618344,59,2,3,"S","a",3,2,80.864
4640663,34,2,3,"S","a",4,4,66.64
1154800,46,2,3,"S","a",1,3,69.386
9728570,19,1,3,"S","a",2,3,38.916
6088116,20,1,3,"S","a",5,2,48.275
5015741,35,2,3,"S","a",6,6,33.861
4520380,29,2,3,"S","a",4,3,36.035
6335150,57,1,3,"S","a",3,3,82.03
99025,28,1,3,"S","a",2,2,36.11
7673980,39,1,3,"S","a",4,3,34.151
2435212,27,1,3,"S","a",2,2,39.795
8286994,30,1,3,"S","a",1,1,36.127
993245,55,2,3,"S","a",5,5,62.66
8086226,30,2,3,"S","a",5,4,56.07
7318364,46,1,3,"S","a",4,3,94.866
3741810,38,1,3,"S","a",5,3,99.647
5983925,21,1,3,"S","a",6,3,83.541
1943057,29,2,3,"S","a",3,1,55.195
3295583,26,2,3,"S","a",2,1,107.616
1127161,18,1,3,"S","a",4,3,176.124
9665673,25,1,3,"S","a",2,2,55.755
4825854,43,1,3,"S","a",5,4,29.868
2103773,24,1,3,"S","a",5,5,22.734
2095467,22,1,3,"S","a",4,2,34.229
8662451,32,1,3,"S","a",3,4,69.859
5025724,43,1,3,"S","a",3,3,92.629
1018310,33,2,3,"S","a",2,2,203.702
6950339,25,1,3,"S","a",1,2,81.396
89415,23,1,3,"S","a",7,7,121.701
4443433,30,2,3,"S","a",4,3,61.217
8745052,34,1,3,"S","a",1,2,54.066
5796086,24,1,3,"S","a",6,6,16.622
3947197,20,1,3,"S","a",2,2,679.335
6240613,24,1,3,"S","a",2,2,61.556
5547114,28,1,3,"S","a",4,4,36.926
2623763,20,1,3,"S","a",4,2,40.611
4309428,28,1,3,"S","a",3,4,45.812
3722992,25,1,3,"S","a",5,5,20.888
5027832,35,2,3,"S","a",3,3,47.479
1285728,37,2,3,"S","a",4,3,99.338
7798801,40,2,3,"S","a",1,2,59.091
639221,25,2,3,"S","a",2,1,57.962
3747235,26,2,3,"S","a",4,4,28.72
5815164,37,2,3,"S","a",4,4,105.171
6977209,28,1,3,"S","i",5,3,17.334
8495925,44,1,3,"S","i",3,3,61.887
7851935,49,2,3,"S","i",4,3,57.699
4036846,30,1,3,"S","i",3,3,64.594
9034432,35,2,3,"S","i",7,7,80.203
1404186,32,1,3,"S","i",6,6,45.691
9357926,38,1,3,"S","i",4,3,47.597
7330136,34,1,3,"S","i",3,1,49.346
6220726,23,1,3,"S","i",4,5,19.748
2276476,25,2,3,"S","i",4,4,67.155
8995818,68,2,3,"S","i",4,2,100.584
7905132,23,1,3,"S","i",4,3,71.278
1280266,59,1,3,"S","i",3,5,103.679
2690286,36,2,3,"S","i",4,2,73.434
5442697,24,1,3,"S","i",3,4,69.011
4856039,33,2,3,"S","i",3,2,67.742
8911376,52,2,3,"S","i",5,6,78.328
2534739,30,1,3,"S","i",4,3,88.145
2489600,33,1,3,"S","i",4,4,205.6
3254833,32,2,3,"S","i",3,2,89.454
5511592,31,2,3,"S","i",4,4,69.61
1955626,27,2,3,"S","i",2,2,38.898
1584129,34,2,3,"S","i",4,1,44.871
1663753,26,2,3,"S","i",4,5,71.861
7742678,25,1,3,"S","i",2,3,57.839
7986196,24,1,3,"S","i",4,5,39.324
4690881,24,2,3,"S","i",4,4,49.121
8306200,34,1,3,"S","i",4,5,69.395
110329,62,2,3,"S","i",2,2,92.345
4623082,24,1,3,"S","i",3,1,65.721
3008527,33,2,3,"S","i",3,3,38.961
5917799,42,2,3,"S","i",1,1,57.599
3227263,37,2,3,"S","i",3,4,52.011
8685161,24,1,3,"S","i",4,5,32.366
5035966,61,2,3,"S","i",2,2,53.095
4488801,63,2,3,"S","i",2,2,67.943
6974566,46,2,3,"S","i",4,2,155.196
804893,40,1,3,"S","i",4,4,20.719
2772843,21,2,3,"S","i",4,3,23.884
4894309,25,2,3,"S","i",1,1,16.69
5331001,38,2,3,"S","i",2,2,72.045
1585966,34,2,3,"S","i",4,3,58.969
3880459,30,1,3,"S","i",2,2,61.406
7511126,30,1,3,"S","i",3,5,24.164
9815106,41,1,3,"S","i",3,2,56.839
553305,44,2,3,"S","i",4,6,73.336
825891,54,2,3,"S","i",3,3,107.76
9008802,24,2,3,"S","i",4,1,36.968
7821551,25,2,3,"S","i",4,3,42.159
4242415,65,1,3,"S","i",3,3,52.597
6091886,28,1,3,"S","i",6,7,51.124
2470879,38,1,3,"S","i",5,5,70.395
5784368,26,2,3,"S","i",4,2,45.922
4845583,39,1,3,"S","i",4,3,48.595
7686433,46,2,3,"S","i",2,2,151.211
9735234,35,1,3,"S","i",1,1,56.774
6940357,42,2,3,"S","i",1,1,32.476
4760970,19,1,3,"S","i",2,2,57.758
3108916,27,2,3,"S","i",5,6,81.88
4472886,34,1,3,"S","i",4,5,28.327
6592661,19,1,3,"S","i",6,5,27.056
4915940,32,1,3,"S","i",5,4,138.893
5451244,32,2,3,"S","i",6,5,38.665
3894117,26,2,3,"S","i",4,5,38.458
2757963,29,1,3,"S","i",4,3,36.35
8418786,46,1,3,"S","i",4,4,83.345
9216410,30,2,3,"S","i",2,2,46.764
2759629,25,2,3,"S","i",4,4,53.664
2275982,23,1,3,"S","i",4,4,66.248
1678545,57,2,3,"S","i",4,1,59.53
9840937,41,1,3,"S","i",2,4,86.996
6945661,27,1,3,"S","i",2,1,64.869
4598653,23,2,3,"S","i",1,1,52.705
2499553,48,2,3,"S","i",5,5,52.848
7536729,33,1,3,"S","i",2,3,22.04
3174258,64,2,3,"S","i",4,5,54.587
1321495,38,2,3,"S","i",4,4,29.271
1885900,31,1,3,"S","i",3,6,17.674
5499588,30,1,3,"S","i",2,4,71.498
1549920,22,2,3,"S","i",1,3,95.092
2998841,21,2,3,"S","i",3,1,74.303
9696664,31,2,3,"S","i",3,3,66.739
1496268,38,2,3,"S","i",5,5,137.616
201824,46,2,3,"S","i",1,1,90.936
6998931,54,1,3,"S","i",3,2,124.135
4860791,22,1,3,"S","i",1,2,69.728
1569209,21,3,3,"S","i",4,1,54.568
5139703,65,2,3,"S","i",3,3,56.659
3017615,68,2,3,"S","i",3,2,104.718
4751786,26,1,3,"S","i",3,2,102.492
7580046,29,1,3,"S","i",1,1,80.511
2798317,23,1,3,"S","i",4,1,66.169
6094563,29,1,3,"S","i",5,3,96.45
9204114,24,2,3,"S","i",4,4,49.065
5529528,29,1,3,"S","i",2,2,131.611
671903,24,1,3,"S","i",3,3,45.165
3972370,28,1,3,"S","i",3,1,102.826
4788449,62,1,3,"S","i",4,4,75.533
3980850,38,2,3,"S","i",4,4,42.649
4727503,25,1,3,"S","i",5,3,54.705
9686670,29,1,3,"S","i",3,3,48.853
7768415,26,1,5,"S","a",6,6,77.638
6977209,28,1,5,"S","a",5,3,25.486
8495925,44,1,5,"S","a",3,3,96.137
263878,31,1,5,"S","a",3,2,46.97
9034432,35,2,5,"S","a",3,1,71.073
1404186,32,1,5,"S","a",5,5,65.871
9357926,38,1,5,"S","a",4,3,50.654
5041230,30,1,5,"S","a",5,5,25.01
7330136,34,1,5,"S","a",4,1,59.177
6220726,23,1,5,"S","a",2,4,21.206
2276476,25,2,5,"S","a",4,3,84.9
7189953,36,2,5,"S","a",2,3,46.462
8995818,68,2,5,"S","a",3,4,70.37
7639413,35,2,5,"S","a",4,4,50.746
1280266,59,1,5,"S","a",2,2,77.574
5442697,24,1,5,"S","a",3,3,54.774
4856039,33,2,5,"S","a",2,1,67.51
952975,41,2,5,"S","a",4,4,85.343
2534739,30,1,5,"S","a",5,4,78.635
1687498,47,2,5,"S","a",2,2,132.624
6455300,41,2,5,"S","a",2,2,79.526
967291,49,1,5,"S","a",1,1,77.102
3888420,28,1,5,"S","a",4,4,105.054
146827,32,2,5,"S","a",4,1,93.938
1584129,34,2,5,"S","a",2,1,50.761
7986196,24,1,5,"S","a",1,3,63.736
1460786,40,2,5,"S","a",5,1,113.642
8765050,36,2,5,"S","a",5,3,74.517
3060207,25,2,5,"S","a",4,5,80.857
4623082,24,1,5,"S","a",3,1,115.776
5917799,42,2,5,"S","a",3,3,71.477
3227263,37,2,5,"S","a",3,4,62.078
4488801,63,2,5,"S","a",1,1,80.674
6974566,46,2,5,"S","a",1,1,245.067
7922361,25,1,5,"S","a",2,1,57.803
2329135,35,2,5,"S","a",5,2,49.993
5119631,56,1,5,"S","a",6,1,69.697
3880459,30,1,5,"S","a",2,1,61.945
7511126,30,1,5,"S","a",4,4,33.078
7905251,62,2,5,"S","a",4,3,74.574
9815106,41,1,5,"S","a",4,2,45.619
553305,44,2,5,"S","a",4,2,75.915
7793541,63,1,5,"S","a",5,5,91.062
825891,54,2,5,"S","a",5,3,90.154
9677725,37,2,5,"S","a",4,3,65.773
9008802,24,2,5,"S","a",3,3,44.926
7821551,25,2,5,"S","a",3,2,51.439
2966096,75,2,5,"S","a",5,2,144.803
4242415,65,1,5,"S","a",5,4,71.776
2470879,38,1,5,"S","a",4,3,52.851
5784368,26,2,5,"S","a",5,3,56.982
4845583,39,1,5,"S","a",4,3,56.436
7686433,46,2,5,"S","a",1,1,90.352
9735234,35,1,5,"S","a",1,1,64.443
9618344,59,2,5,"S","a",4,1,115.302
1154800,46,2,5,"S","a",1,3,71.084
4760970,19,1,5,"S","a",2,3,59.166
3108916,27,2,5,"S","a",4,4,72.576
4472886,34,1,5,"S","a",4,3,25.872
6592661,19,1,5,"S","a",5,4,63.456
99025,28,1,5,"S","a",2,3,34.468
5451244,32,2,5,"S","a",6,3,60.489
3894117,26,2,5,"S","a",2,2,76.94
2435212,27,1,5,"S","a",4,2,36.414
7318364,46,1,5,"S","a",3,3,117.057
9216410,30,2,5,"S","a",2,1,75.435
3741810,38,1,5,"S","a",3,2,56.346
2759629,25,2,5,"S","a",4,3,53.57
2275982,23,1,5,"S","a",4,4,44.282
5983925,21,1,5,"S","a",5,3,64.135
9840937,41,1,5,"S","a",2,1,83.803
3295583,26,2,5,"S","a",3,3,34.271
7536729,33,1,5,"S","a",5,4,24.66
9665673,25,1,5,"S","a",4,2,52.66
1885900,31,1,5,"S","a",4,3,320.827
4825854,43,1,5,"S","a",3,2,34.056
2103773,24,1,5,"S","a",4,5,17.979
2095467,22,1,5,"S","a",3,2,61.114
8662451,32,1,5,"S","a",3,3,65.997
5025724,43,1,5,"S","a",5,3,100.979
1018310,33,2,5,"S","a",1,1,57.893
6950339,25,1,5,"S","a",3,2,137.065
9696664,31,2,5,"S","a",5,3,72.921
201824,46,2,5,"S","a",1,1,103.284
89415,23,1,5,"S","a",6,7,76.51
4443433,30,2,5,"S","a",2,1,66.011
4860791,22,1,5,"S","a",3,1,70.24
4309428,28,1,5,"S","a",5,5,47.305
7580046,29,1,5,"S","a",1,1,43.29
2798317,23,1,5,"S","a",4,3,55.311
9204114,24,2,5,"S","a",4,4,70.354
5529528,29,1,5,"S","a",1,1,55.716
3972370,28,1,5,"S","a",4,3,67.812
4788449,62,1,5,"S","a",4,3,80.752
5815164,37,2,5,"S","a",4,3,69.907
4727503,25,1,5,"S","a",4,2,54.037
9686670,29,1,5,"S","a",3,2,59.243
132944,25,2,5,"S","i",6,4,27.905
563933,29,2,5,"S","i",2,2,57.008
4004405,34,1,5,"S","i",3,3,56.383
3276120,28,2,5,"S","i",2,2,123.245
7954512,23,2,5,"S","i",2,3,41.008
7851935,49,2,5,"S","i",4,4,48.578
4036846,30,1,5,"S","i",4,2,78.907
2094409,39,1,5,"S","i",3,3,70.72
5522501,26,2,5,"S","i",4,3,56.072
4597567,20,1,5,"S","i",5,2,72.302
7905132,23,1,5,"S","i",3,2,58.138
2690286,36,2,5,"S","i",4,3,92.688
9048056,42,1,5,"S","i",4,5,27.943
8911376,52,2,5,"S","i",4,5,103.943
2489600,33,1,5,"S","i",5,4,26.164
16883,34,2,5,"S","i",3,2,61.81
3254833,32,2,5,"S","i",3,2,281.944
4540929,29,2,5,"S","i",2,2,61.227
9925742,49,1,5,"S","i",3,2,73.231
7120347,46,1,5,"S","i",4,4,89.916
6172275,26,2,5,"S","i",4,2,104.88
5511592,31,2,5,"S","i",3,2,83.82
1149847,33,2,5,"S","i",5,5,71.143
9050288,24,2,5,"S","i",2,1,59.546
1955626,27,2,5,"S","i",2,1,264.071
1663753,26,2,5,"S","i",4,3,51.817
1094078,35,1,5,"S","i",3,2,286.408
7742678,25,1,5,"S","i",2,2,50.87
7019352,43,2,5,"S","i",5,3,125.535
4690881,24,2,5,"S","i",4,4,44.224
8623111,20,1,5,"S","i",4,4,53.227
8306200,34,1,5,"S","i",3,3,151.14
110329,62,2,5,"S","i",2,3,103.099
7969711,69,2,5,"S","i",3,2,322.769
2501490,30,1,5,"S","i",4,1,44.568
8225731,38,2,5,"S","i",4,4,53.493
3008527,33,2,5,"S","i",4,5,48.63
8685161,24,1,5,"S","i",4,4,31.23
5035966,61,2,5,"S","i",1,1,48.238
804893,40,1,5,"S","i",5,5,18.336
2772843,21,2,5,"S","i",2,1,53.672
318539,29,1,5,"S","i",3,4,49.988
4894309,25,2,5,"S","i",1,1,24.708
5331001,38,2,5,"S","i",2,2,59.818
7218046,59,2,5,"S","i",3,3,103.04
1585966,34,2,5,"S","i",3,1,72.47
5050714,31,2,5,"S","i",4,4,63.359
625916,35,1,5,"S","i",5,5,30.784
6786809,23,1,5,"S","i",4,3,11.709
4610537,36,1,5,"S","i",1,1,33.362
4393898,57,1,5,"S","i",1,1,67.695
7742488,31,2,5,"S","i",5,4,54.862
6091886,28,1,5,"S","i",3,3,102.825
5020416,50,1,5,"S","i",4,4,46.004
3861915,29,2,5,"S","i",4,2,83.795
9055826,40,1,5,"S","i",4,2,44.591
3328013,30,1,5,"S","i",3,2,57.884
6940357,42,2,5,"S","i",1,1,42.154
4640663,34,2,5,"S","i",2,2,53.885
9728570,19,1,5,"S","i",3,2,53.966
6088116,20,1,5,"S","i",2,6,61.89
5015741,35,2,5,"S","i",6,6,336.978
4520380,29,2,5,"S","i",4,3,40.506
6335150,57,1,5,"S","i",3,2,100.279
4915940,32,1,5,"S","i",4,5,186.59
7673980,39,1,5,"S","i",4,3,34.791
2757963,29,1,5,"S","i",2,2,63.939
8286994,30,1,5,"S","i",1,1,46.81
993245,55,2,5,"S","i",4,4,111.466
8418786,46,1,5,"S","i",5,4,73.992
8086226,30,2,5,"S","i",4,4,38.071
1943057,29,2,5,"S","i",3,1,65.348
1678545,57,2,5,"S","i",3,2,75.794
6945661,27,1,5,"S","i",3,1,61.951
4598653,23,2,5,"S","i",1,2,54.374
2499553,48,2,5,"S","i",4,4,80.483
1127161,18,1,5,"S","i",5,4,93.958
3174258,64,2,5,"S","i",5,5,69.668
1321495,38,2,5,"S","i",4,4,43.643
5499588,30,1,5,"S","i",2,3,53.788
1549920,22,2,5,"S","i",1,1,65.332
2998841,21,2,5,"S","i",3,1,111.673
1496268,38,2,5,"S","i",6,1,130.972
6998931,54,1,5,"S","i",3,2,134.314
8745052,34,1,5,"S","i",2,2,54.958
5796086,24,1,5,"S","i",6,6,20.801
3947197,20,1,5,"S","i",5,2,70.822
1569209,21,3,5,"S","i",1,1,85.137
6240613,24,1,5,"S","i",2,2,58.349
5547114,28,1,5,"S","i",1,2,53.877
5139703,65,2,5,"S","i",5,3,68.068
3017615,68,2,5,"S","i",3,3,104.519
2623763,20,1,5,"S","i",3,1,44.823
4751786,26,1,5,"S","i",2,2,123.109
3722992,25,1,5,"S","i",4,5,14.752
5027832,35,2,5,"S","i",2,2,79.816
6094563,29,1,5,"S","i",4,2,81.831
1285728,37,2,5,"S","i",3,2,83.095
7798801,40,2,5,"S","i",2,4,70.895
671903,24,1,5,"S","i",3,1,48.619
639221,25,2,5,"S","i",5,5,64.976
3980850,38,2,5,"S","i",4,4,42.126
3747235,26,2,5,"S","i",4,4,145.677
132944,25,2,36,"S","a",3,4,28.725
8495925,44,1,36,"S","a",4,3,72.922
3276120,28,2,36,"S","a",4,5,54.228
7851935,49,2,36,"S","a",4,4,52.683
4036846,30,1,36,"S","a",3,3,51.296
9034432,35,2,36,"S","a",7,7,49.848
1404186,32,1,36,"S","a",6,5,33.429
9357926,38,1,36,"S","a",3,3,35.941
7330136,34,1,36,"S","a",7,5,49.383
6220726,23,1,36,"S","a",3,4,50.246
2276476,25,2,36,"S","a",3,4,54.106
8995818,68,2,36,"S","a",4,4,71.501
5522501,26,2,36,"S","a",3,3,51.561
5442697,24,1,36,"S","a",6,6,47.343
9048056,42,1,36,"S","a",4,2,51.183
8911376,52,2,36,"S","a",7,7,82.549
952975,41,2,36,"S","a",4,4,234.228
2489600,33,1,36,"S","a",3,3,21.236
1687498,47,2,36,"S","a",4,2,96.955
6455300,41,2,36,"S","a",4,3,63.661
146827,32,2,36,"S","a",4,3,78.152
5511592,31,2,36,"S","a",6,3,59.426
1955626,27,2,36,"S","a",5,6,69.723
1584129,34,2,36,"S","a",3,1,69.127
1663753,26,2,36,"S","a",4,3,55.609
4690881,24,2,36,"S","a",4,2,52.59
1460786,40,2,36,"S","a",3,2,117.147
110329,62,2,36,"S","a",2,2,91.919
7969711,69,2,36,"S","a",6,5,199.807
4623082,24,1,36,"S","a",3,1,39.589
3008527,33,2,36,"S","a",6,6,53.546
3227263,37,2,36,"S","a",3,4,28.201
8685161,24,1,36,"S","a",5,5,30.957
5035966,61,2,36,"S","a",2,3,47.85
4488801,63,2,36,"S","a",2,1,84.155
6974566,46,2,36,"S","a",4,2,126.402
2772843,21,2,36,"S","a",4,5,45.845
4894309,25,2,36,"S","a",1,1,30.968
5331001,38,2,36,"S","a",2,2,59.547
1585966,34,2,36,"S","a",4,5,75.253
7511126,30,1,36,"S","a",2,3,45.928
5050714,31,2,36,"S","a",4,4,50.348
625916,35,1,36,"S","a",5,5,31.533
6786809,23,1,36,"S","a",3,4,14.159
825891,54,2,36,"S","a",5,4,99.212
7821551,25,2,36,"S","a",4,3,55.674
7742488,31,2,36,"S","a",6,5,52.975
2470879,38,1,36,"S","a",3,3,46.535
4845583,39,1,36,"S","a",4,4,43.095
7686433,46,2,36,"S","a",1,1,119.061
9618344,59,2,36,"S","a",3,3,75.218
9728570,19,1,36,"S","a",4,3,36.737
6088116,20,1,36,"S","a",3,2,55.52
3108916,27,2,36,"S","a",5,5,78.444
4472886,34,1,36,"S","a",3,3,47.034
6335150,57,1,36,"S","a",4,4,84.947
7673980,39,1,36,"S","a",4,4,29.92
2757963,29,1,36,"S","a",2,1,56.034
2435212,27,1,36,"S","a",3,2,41.781
8286994,30,1,36,"S","a",2,2,42.65
7318364,46,1,36,"S","a",4,3,60.875
9216410,30,2,36,"S","a",3,2,47.149
3741810,38,1,36,"S","a",4,3,49.818
5983925,21,1,36,"S","a",2,4,70.071
1678545,57,2,36,"S","a",3,4,69.174
9840937,41,1,36,"S","a",4,2,104.343
6945661,27,1,36,"S","a",4,2,61.826
2499553,48,2,36,"S","a",5,5,48.742
3174258,64,2,36,"S","a",5,5,48.217
9665673,25,1,36,"S","a",5,4,44.3
1321495,38,2,36,"S","a",4,4,35.732
1885900,31,1,36,"S","a",5,3,16.34
4825854,43,1,36,"S","a",3,5,27.757
5499588,30,1,36,"S","a",2,4,56.392
1549920,22,2,36,"S","a",1,4,81.383
2998841,21,2,36,"S","a",3,5,130.692
1496268,38,2,36,"S","a",5,4,137.255
201824,46,2,36,"S","a",3,1,300.198
6998931,54,1,36,"S","a",5,5,102.017
5796086,24,1,36,"S","a",7,6,94.855
3947197,20,1,36,"S","a",5,2,53.352
1569209,21,3,36,"S","a",3,1,51.161
6240613,24,1,36,"S","a",1,1,32.018
5547114,28,1,36,"S","a",6,5,27.687
3017615,68,2,36,"S","a",4,2,105.155
4751786,26,1,36,"S","a",4,3,102.596
3722992,25,1,36,"S","a",5,4,15.093
2798317,23,1,36,"S","a",4,4,62.417
1285728,37,2,36,"S","a",4,2,46.233
5529528,29,1,36,"S","a",4,4,65.948
7798801,40,2,36,"S","a",5,6,92.178
671903,24,1,36,"S","a",3,1,49.975
639221,25,2,36,"S","a",6,4,63.939
3980850,38,2,36,"S","a",4,4,58.196
5815164,37,2,36,"S","a",4,4,122.798
4727503,25,1,36,"S","a",5,5,57.38
7768415,26,1,36,"S","i",3,4,30.499
6977209,28,1,36,"S","i",5,4,43.185
263878,31,1,36,"S","i",5,4,48.211
563933,29,2,36,"S","i",4,5,53.117
4004405,34,1,36,"S","i",5,2,64.255
7954512,23,2,36,"S","i",2,5,46.061
2094409,39,1,36,"S","i",3,3,59.78
5041230,30,1,36,"S","i",2,4,70.574
7189953,36,2,36,"S","i",3,4,41.779
7639413,35,2,36,"S","i",4,4,43.216
4597567,20,1,36,"S","i",5,3,83.933
7905132,23,1,36,"S","i",5,4,109.882
1280266,59,1,36,"S","i",3,3,78.952
2690286,36,2,36,"S","i",7,7,48.716
4856039,33,2,36,"S","i",3,2,115.719
2534739,30,1,36,"S","i",5,4,58.345
16883,34,2,36,"S","i",3,3,66.602
3254833,32,2,36,"S","i",4,3,91.824
967291,49,1,36,"S","i",3,2,67.932
3888420,28,1,36,"S","i",4,4,173.661
4540929,29,2,36,"S","i",2,2,63.525
9925742,49,1,36,"S","i",4,4,58.898
7120347,46,1,36,"S","i",5,5,110.106
6172275,26,2,36,"S","i",5,4,82.981
1149847,33,2,36,"S","i",5,3,69.288
9050288,24,2,36,"S","i",3,3,62.974
1094078,35,1,36,"S","i",3,3,270.887
7742678,25,1,36,"S","i",5,4,144.809
7986196,24,1,36,"S","i",2,3,57.965
7019352,43,2,36,"S","i",5,5,85.438
8623111,20,1,36,"S","i",5,5,53.467
8306200,34,1,36,"S","i",4,3,74.994
8765050,36,2,36,"S","i",5,3,52.616
3060207,25,2,36,"S","i",2,6,53.601
2501490,30,1,36,"S","i",5,4,53.898
8225731,38,2,36,"S","i",4,5,62.662
5917799,42,2,36,"S","i",3,2,81.053
804893,40,1,36,"S","i",3,4,26.617
318539,29,1,36,"S","i",3,3,58.075
7922361,25,1,36,"S","i",4,4,53.566
2329135,35,2,36,"S","i",4,3,43.735
5119631,56,1,36,"S","i",4,2,80.395
7218046,59,2,36,"S","i",3,3,91.84
3880459,30,1,36,"S","i",1,4,105.693
7905251,62,2,36,"S","i",5,5,62.657
9815106,41,1,36,"S","i",4,3,46.91
553305,44,2,36,"S","i",4,5,69.911
7793541,63,1,36,"S","i",5,5,87.201
9677725,37,2,36,"S","i",4,3,82.53
9008802,24,2,36,"S","i",5,3,43.553
4610537,36,1,36,"S","i",1,1,73.277
4393898,57,1,36,"S","i",4,2,102.647
2966096,75,2,36,"S","i",6,5,101.226
4242415,65,1,36,"S","i",4,4,59.113
6091886,28,1,36,"S","i",5,6,35.702
5020416,50,1,36,"S","i",4,4,48.724
3861915,29,2,36,"S","i",2,2,60.279
9055826,40,1,36,"S","i",4,3,32.78
5784368,26,2,36,"S","i",5,4,94.631
3328013,30,1,36,"S","i",1,1,112.793
9735234,35,1,36,"S","i",3,2,100.365
6940357,42,2,36,"S","i",1,2,39.824
4640663,34,2,36,"S","i",4,4,66.902
1154800,46,2,36,"S","i",4,3,126.334
4760970,19,1,36,"S","i",4,4,72.251
5015741,35,2,36,"S","i",6,6,55.102
4520380,29,2,36,"S","i",5,5,32.732
6592661,19,1,36,"S","i",6,5,36.274
99025,28,1,36,"S","i",5,3,78.636
4915940,32,1,36,"S","i",4,2,115.561
5451244,32,2,36,"S","i",3,6,58.775
3894117,26,2,36,"S","i",6,4,98.737
993245,55,2,36,"S","i",5,5,72.859
8418786,46,1,36,"S","i",4,4,70.698
8086226,30,2,36,"S","i",5,7,37.428
2759629,25,2,36,"S","i",3,3,109.042
2275982,23,1,36,"S","i",4,4,40.732
1943057,29,2,36,"S","i",4,2,60.678
3295583,26,2,36,"S","i",5,6,35.973
4598653,23,2,36,"S","i",3,2,60.677
7536729,33,1,36,"S","i",4,4,21.028
1127161,18,1,36,"S","i",5,5,70.213
2103773,24,1,36,"S","i",5,5,22.404
2095467,22,1,36,"S","i",4,3,35.491
8662451,32,1,36,"S","i",4,4,58.144
5025724,43,1,36,"S","i",3,2,89.192
1018310,33,2,36,"S","i",1,1,174.506
6950339,25,1,36,"S","i",3,3,107.498
9696664,31,2,36,"S","i",3,2,56.679
89415,23,1,36,"S","i",7,7,113.024
4443433,30,2,36,"S","i",3,4,52.196
8745052,34,1,36,"S","i",1,3,54.066
4860791,22,1,36,"S","i",4,3,371.722
5139703,65,2,36,"S","i",5,5,108.38
2623763,20,1,36,"S","i",4,2,40.55
4309428,28,1,36,"S","i",5,6,48.46
7580046,29,1,36,"S","i",3,3,173.639
5027832,35,2,36,"S","i",4,4,125.394
6094563,29,1,36,"S","i",4,4,91.094
9204114,24,2,36,"S","i",4,2,66.623
3972370,28,1,36,"S","i",4,3,64.814
4788449,62,1,36,"S","i",3,3,101.636
3747235,26,2,36,"S","i",4,3,53.121
9686670,29,1,36,"S","i",4,4,82.132
6977209,28,1,37,"S","a",5,4,25.271
263878,31,1,37,"S","a",5,3,46.495
563933,29,2,37,"S","a",4,3,64.694
4036846,30,1,37,"S","a",2,3,112.63
9034432,35,2,37,"S","a",5,5,59.393
2094409,39,1,37,"S","a",5,5,72.204
1404186,32,1,37,"S","a",5,4,38.124
9357926,38,1,37,"S","a",3,2,37.919
8995818,68,2,37,"S","a",5,6,73.278
4597567,20,1,37,"S","a",3,4,73.864
7905132,23,1,37,"S","a",5,5,65.283
1280266,59,1,37,"S","a",3,6,69.241
2690286,36,2,37,"S","a",7,5,41.77
4856039,33,2,37,"S","a",4,6,61.736
8911376,52,2,37,"S","a",5,6,72.779
2534739,30,1,37,"S","a",5,4,83.518
16883,34,2,37,"S","a",3,3,66.208
3254833,32,2,37,"S","a",4,5,149.265
3888420,28,1,37,"S","a",4,3,98.786
9925742,49,1,37,"S","a",5,5,55.445
6172275,26,2,37,"S","a",5,5,534.183
5511592,31,2,37,"S","a",4,4,59.866
9050288,24,2,37,"S","a",3,5,57.335
1955626,27,2,37,"S","a",5,6,43.39
1584129,34,2,37,"S","a",3,3,67.12
1663753,26,2,37,"S","a",4,3,66.78
7742678,25,1,37,"S","a",4,6,38.334
7986196,24,1,37,"S","a",4,3,51.262
7019352,43,2,37,"S","a",5,4,58.141
8623111,20,1,37,"S","a",4,3,50.233
8306200,34,1,37,"S","a",5,4,84.135
110329,62,2,37,"S","a",2,4,116.473
3060207,25,2,37,"S","a",5,6,51.078
2501490,30,1,37,"S","a",2,1,54.967
3008527,33,2,37,"S","a",5,4,30.861
8685161,24,1,37,"S","a",5,5,36.816
5035966,61,2,37,"S","a",1,1,47.727
6974566,46,2,37,"S","a",3,3,203.484
804893,40,1,37,"S","a",3,5,23.574
2772843,21,2,37,"S","a",4,4,30.7
318539,29,1,37,"S","a",4,4,48.966
4894309,25,2,37,"S","a",4,3,35.957
5331001,38,2,37,"S","a",3,3,57.38
7218046,59,2,37,"S","a",3,2,86.899
1585966,34,2,37,"S","a",5,6,68.938
3880459,30,1,37,"S","a",1,3,73.042
9815106,41,1,37,"S","a",3,4,41.032
553305,44,2,37,"S","a",6,3,71.275
7793541,63,1,37,"S","a",6,6,75.889
625916,35,1,37,"S","a",5,6,40.095
4610537,36,1,37,"S","a",2,4,43.465
4393898,57,1,37,"S","a",2,1,61.485
4242415,65,1,37,"S","a",4,4,71.325
6091886,28,1,37,"S","a",2,6,70.694
5020416,50,1,37,"S","a",5,6,98.278
3861915,29,2,37,"S","a",3,2,147.355
9055826,40,1,37,"S","a",5,5,71.212
5784368,26,2,37,"S","a",5,4,63.565
3328013,30,1,37,"S","a",4,5,60.405
7686433,46,2,37,"S","a",2,3,108.052
9735234,35,1,37,"S","a",7,7,60.124
6940357,42,2,37,"S","a",1,1,45.226
4640663,34,2,37,"S","a",2,2,59.66
4520380,29,2,37,"S","a",5,5,34.67
6335150,57,1,37,"S","a",5,5,88.839
4915940,32,1,37,"S","a",5,5,148.391
2757963,29,1,37,"S","a",4,3,47.446
8286994,30,1,37,"S","a",1,1,38.459
993245,55,2,37,"S","a",5,5,62.808
8418786,46,1,37,"S","a",5,6,80.918
8086226,30,2,37,"S","a",4,4,47.806
9216410,30,2,37,"S","a",5,3,49.826
2759629,25,2,37,"S","a",4,4,52.398
2275982,23,1,37,"S","a",4,4,67.962
1943057,29,2,37,"S","a",3,1,56.243
1678545,57,2,37,"S","a",4,3,77.6
4598653,23,2,37,"S","a",5,5,71.721
2499553,48,2,37,"S","a",5,5,45.237
7536729,33,1,37,"S","a",4,3,16.311
1127161,18,1,37,"S","a",3,5,56.904
3174258,64,2,37,"S","a",5,6,62.742
1321495,38,2,37,"S","a",4,4,34.536
1885900,31,1,37,"S","a",4,3,130.401
5499588,30,1,37,"S","a",3,4,62.187
1549920,22,2,37,"S","a",2,4,78.246
2998841,21,2,37,"S","a",4,5,155.675
1018310,33,2,37,"S","a",6,5,179.599
9696664,31,2,37,"S","a",3,4,59.52
1496268,38,2,37,"S","a",6,7,126.163
6998931,54,1,37,"S","a",4,4,108.134
8745052,34,1,37,"S","a",2,3,57.635
1569209,21,3,37,"S","a",7,7,44.207
6240613,24,1,37,"S","a",3,2,31.345
5547114,28,1,37,"S","a",6,7,31.051
5139703,65,2,37,"S","a",6,3,64.799
3017615,68,2,37,"S","a",4,3,70.808
4309428,28,1,37,"S","a",7,2,39.045
5027832,35,2,37,"S","a",3,3,655.416
6094563,29,1,37,"S","a",4,3,74.733
1285728,37,2,37,"S","a",4,4,55.271
7798801,40,2,37,"S","a",6,4,96.312
671903,24,1,37,"S","a",4,5,49.505
3972370,28,1,37,"S","a",3,4,248.155
4788449,62,1,37,"S","a",4,4,94.169
3747235,26,2,37,"S","a",4,4,60.291
9686670,29,1,37,"S","a",5,6,65.488
7768415,26,1,37,"S","i",5,5,34.466
132944,25,2,37,"S","i",5,3,44.701
8495925,44,1,37,"S","i",3,3,58.342
4004405,34,1,37,"S","i",3,2,42.366
3276120,28,2,37,"S","i",3,6,59.091
7954512,23,2,37,"S","i",4,3,51.21
7851935,49,2,37,"S","i",4,4,49.54
5041230,30,1,37,"S","i",3,5,28.262
7330136,34,1,37,"S","i",6,7,31.855
6220726,23,1,37,"S","i",6,5,41.216
2276476,25,2,37,"S","i",6,6,65.358
7189953,36,2,37,"S","i",5,6,42.124
7639413,35,2,37,"S","i",3,3,54.956
5522501,26,2,37,"S","i",7,7,80.579
5442697,24,1,37,"S","i",5,6,33.169
9048056,42,1,37,"S","i",6,7,61.683
952975,41,2,37,"S","i",4,4,58.358
2489600,33,1,37,"S","i",5,5,18.059
1687498,47,2,37,"S","i",4,3,152.397
6455300,41,2,37,"S","i",5,4,56.889
967291,49,1,37,"S","i",5,4,67.31
4540929,29,2,37,"S","i",2,3,55.695
146827,32,2,37,"S","i",4,4,112.942
7120347,46,1,37,"S","i",6,7,122.252
1149847,33,2,37,"S","i",6,5,59.727
1094078,35,1,37,"S","i",3,3,74.99
4690881,24,2,37,"S","i",4,4,58.24
1460786,40,2,37,"S","i",2,1,89.457
8765050,36,2,37,"S","i",5,6,53.102
7969711,69,2,37,"S","i",5,5,147.761
4623082,24,1,37,"S","i",3,3,76.714
8225731,38,2,37,"S","i",3,2,132.074
5917799,42,2,37,"S","i",6,5,123.085
3227263,37,2,37,"S","i",4,4,63.526
4488801,63,2,37,"S","i",5,1,71.677
7922361,25,1,37,"S","i",7,6,64.87
2329135,35,2,37,"S","i",2,3,68.987
5119631,56,1,37,"S","i",4,3,64.637
7511126,30,1,37,"S","i",3,5,56.308
7905251,62,2,37,"S","i",5,4,68.005
5050714,31,2,37,"S","i",4,4,97.806
6786809,23,1,37,"S","i",3,6,16.965
825891,54,2,37,"S","i",4,3,102.231
9677725,37,2,37,"S","i",5,6,77.981
9008802,24,2,37,"S","i",5,3,38.097
7821551,25,2,37,"S","i",6,5,42.812
2966096,75,2,37,"S","i",6,4,96.682
7742488,31,2,37,"S","i",5,5,39.79
2470879,38,1,37,"S","i",4,5,54.014
4845583,39,1,37,"S","i",4,4,45.569
9618344,59,2,37,"S","i",3,3,77.694
1154800,46,2,37,"S","i",2,4,68.617
9728570,19,1,37,"S","i",6,5,54.919
6088116,20,1,37,"S","i",6,3,56.359
4760970,19,1,37,"S","i",2,3,44.785
5015741,35,2,37,"S","i",6,6,39.069
3108916,27,2,37,"S","i",5,5,74.952
4472886,34,1,37,"S","i",5,6,33.949
6592661,19,1,37,"S","i",4,6,27.762
99025,28,1,37,"S","i",5,4,42.704
5451244,32,2,37,"S","i",5,5,30.736
3894117,26,2,37,"S","i",5,5,40.292
7673980,39,1,37,"S","i",4,3,46.465
2435212,27,1,37,"S","i",5,3,39.373
7318364,46,1,37,"S","i",4,3,65.968
3741810,38,1,37,"S","i",5,6,44.956
5983925,21,1,37,"S","i",3,3,53.002
9840937,41,1,37,"S","i",3,5,103.647
3295583,26,2,37,"S","i",3,3,34.007
6945661,27,1,37,"S","i",4,4,51.521
9665673,25,1,37,"S","i",6,5,43.226
4825854,43,1,37,"S","i",2,3,54.856
2103773,24,1,37,"S","i",7,6,22.888
2095467,22,1,37,"S","i",4,4,42.628
8662451,32,1,37,"S","i",4,4,62.22
5025724,43,1,37,"S","i",5,6,83.71
6950339,25,1,37,"S","i",2,3,92.916
201824,46,2,37,"S","i",1,4,87.602
89415,23,1,37,"S","i",7,7,84.712
4443433,30,2,37,"S","i",5,6,52.218
5796086,24,1,37,"S","i",5,6,44.803
3947197,20,1,37,"S","i",4,3,48.462
4860791,22,1,37,"S","i",5,5,123.874
2623763,20,1,37,"S","i",5,6,132.918
4751786,26,1,37,"S","i",5,5,79.794
7580046,29,1,37,"S","i",3,7,131.834
3722992,25,1,37,"S","i",5,3,551.873
2798317,23,1,37,"S","i",7,4,81.085
9204114,24,2,37,"S","i",4,3,65.153
5529528,29,1,37,"S","i",1,4,108.182
639221,25,2,37,"S","i",4,6,47.165
3980850,38,2,37,"S","i",4,4,40.362
5815164,37,2,37,"S","i",5,4,76.633
4727503,25,1,37,"S","i",5,3,56.153
132944,25,2,20,"S","a",3,4,27.947
563933,29,2,20,"S","a",2,3,50.617
4004405,34,1,20,"S","a",5,1,56.149
7954512,23,2,20,"S","a",2,1,42.336
7851935,49,2,20,"S","a",3,3,48.998
2094409,39,1,20,"S","a",3,3,60.683
5041230,30,1,20,"S","a",3,5,45.32
6220726,23,1,20,"S","a",4,3,18.238
2276476,25,2,20,"S","a",4,4,55.172
7905132,23,1,20,"S","a",2,3,86.024
2690286,36,2,20,"S","a",4,2,64.315
4856039,33,2,20,"S","a",3,1,71.521
8911376,52,2,20,"S","a",7,7,61.661
2534739,30,1,20,"S","a",5,4,73.348
2489600,33,1,20,"S","a",5,5,16.515
3254833,32,2,20,"S","a",4,4,108.512
967291,49,1,20,"S","a",3,4,91.487
4540929,29,2,20,"S","a",1,1,101.372
9925742,49,1,20,"S","a",4,2,104.144
7120347,46,1,20,"S","a",4,3,82.97
6172275,26,2,20,"S","a",5,4,66.678
5511592,31,2,20,"S","a",3,2,65.125
1149847,33,2,20,"S","a",5,3,103.416
9050288,24,2,20,"S","a",3,2,59.182
1955626,27,2,20,"S","a",4,2,55.087
1663753,26,2,20,"S","a",4,3,57.122
1094078,35,1,20,"S","a",3,3,72.497
7742678,25,1,20,"S","a",2,1,115.612
7986196,24,1,20,"S","a",3,2,75.446
7019352,43,2,20,"S","a",5,3,71.591
4690881,24,2,20,"S","a",4,4,54.994
8306200,34,1,20,"S","a",4,3,78.681
7969711,69,2,20,"S","a",4,3,129.348
4623082,24,1,20,"S","a",1,1,44.921
2501490,30,1,20,"S","a",2,1,47.613
8225731,38,2,20,"S","a",3,2,51.32
5917799,42,2,20,"S","a",5,5,71.043
8685161,24,1,20,"S","a",5,6,35.326
5035966,61,2,20,"S","a",5,1,88.874
4488801,63,2,20,"S","a",1,1,67.873
804893,40,1,20,"S","a",2,3,18.162
2772843,21,2,20,"S","a",5,4,28.451
318539,29,1,20,"S","a",3,4,49.659
4894309,25,2,20,"S","a",7,1,20.744
5331001,38,2,20,"S","a",1,2,88.961
7218046,59,2,20,"S","a",3,3,87.489
1585966,34,2,20,"S","a",3,2,71.2
9815106,41,1,20,"S","a",5,4,56.979
553305,44,2,20,"S","a",4,3,85.816
6786809,23,1,20,"S","a",3,5,145.315
825891,54,2,20,"S","a",3,4,75.306
9008802,24,2,20,"S","a",5,1,36.588
4610537,36,1,20,"S","a",2,1,52.768
7742488,31,2,20,"S","a",6,6,21.954
6091886,28,1,20,"S","a",4,3,70.796
3861915,29,2,20,"S","a",4,2,62.698
2470879,38,1,20,"S","a",4,2,68.932
9055826,40,1,20,"S","a",4,3,98.101
5784368,26,2,20,"S","a",3,1,51.205
4845583,39,1,20,"S","a",4,3,56.607
9735234,35,1,20,"S","a",1,1,81.806
6940357,42,2,20,"S","a",1,1,62.72
9728570,19,1,20,"S","a",3,3,51.158
4760970,19,1,20,"S","a",2,2,62.699
5015741,35,2,20,"S","a",6,6,38.485
4520380,29,2,20,"S","a",4,4,38.79
6592661,19,1,20,"S","a",5,4,27.095
4915940,32,1,20,"S","a",3,5,114.829
5451244,32,2,20,"S","a",3,2,30.589
3894117,26,2,20,"S","a",4,3,36.522
7673980,39,1,20,"S","a",4,3,59.214
2757963,29,1,20,"S","a",2,2,40.082
8418786,46,1,20,"S","a",4,4,70.718
8086226,30,2,20,"S","a",3,5,43.725
2759629,25,2,20,"S","a",5,3,53.592
1943057,29,2,20,"S","a",3,1,59.57
1678545,57,2,20,"S","a",3,3,66.184
6945661,27,1,20,"S","a",2,1,66.286
4598653,23,2,20,"S","a",3,3,54.585
2499553,48,2,20,"S","a",3,3,356.397
7536729,33,1,20,"S","a",5,5,36.584
1127161,18,1,20,"S","a",4,5,96.131
3174258,64,2,20,"S","a",3,3,50.32
1321495,38,2,20,"S","a",4,4,39.885
5499588,30,1,20,"S","a",1,3,67.763
1549920,22,2,20,"S","a",1,2,74.035
1496268,38,2,20,"S","a",1,1,132.229
6998931,54,1,20,"S","a",2,1,94.287
4443433,30,2,20,"S","a",3,3,54.89
4860791,22,1,20,"S","a",1,1,114.037
1569209,21,3,20,"S","a",2,1,189.237
5139703,65,2,20,"S","a",4,6,79.081
3017615,68,2,20,"S","a",2,2,86.411
2623763,20,1,20,"S","a",4,3,44.663
4751786,26,1,20,"S","a",1,1,89.584
7580046,29,1,20,"S","a",4,1,74.613
5027832,35,2,20,"S","a",2,2,215.291
6094563,29,1,20,"S","a",2,2,148.641
9204114,24,2,20,"S","a",4,2,59.75
5529528,29,1,20,"S","a",4,1,62.726
671903,24,1,20,"S","a",3,3,48.994
3972370,28,1,20,"S","a",4,3,58.251
4788449,62,1,20,"S","a",4,4,79.007
3980850,38,2,20,"S","a",4,4,44.017
9686670,29,1,20,"S","a",3,3,297.512
7768415,26,1,20,"S","i",5,6,71.486
6977209,28,1,20,"S","i",5,6,18.002
8495925,44,1,20,"S","i",4,2,72.312
263878,31,1,20,"S","i",4,3,44.937
3276120,28,2,20,"S","i",3,2,60.907
4036846,30,1,20,"S","i",3,2,69.98
9034432,35,2,20,"S","i",7,7,43.854
1404186,32,1,20,"S","i",5,5,55.13
9357926,38,1,20,"S","i",3,3,35.631
7330136,34,1,20,"S","i",4,2,41.109
7189953,36,2,20,"S","i",4,4,141.274
8995818,68,2,20,"S","i",4,4,81.845
7639413,35,2,20,"S","i",2,2,47.965
5522501,26,2,20,"S","i",3,2,55.944
4597567,20,1,20,"S","i",5,1,75.671
1280266,59,1,20,"S","i",5,3,79.655
5442697,24,1,20,"S","i",2,3,67.185
9048056,42,1,20,"S","i",6,2,118.242
952975,41,2,20,"S","i",4,4,52.193
16883,34,2,20,"S","i",3,3,42.849
1687498,47,2,20,"S","i",2,2,114.041
6455300,41,2,20,"S","i",3,1,56.997
3888420,28,1,20,"S","i",5,4,81.127
146827,32,2,20,"S","i",4,2,84.985
1584129,34,2,20,"S","i",4,1,48.976
8623111,20,1,20,"S","i",4,1,73.801
1460786,40,2,20,"S","i",6,1,144.554
110329,62,2,20,"S","i",2,2,95.223
8765050,36,2,20,"S","i",6,3,60.533
3060207,25,2,20,"S","i",5,4,58.788
3008527,33,2,20,"S","i",3,2,38.003
3227263,37,2,20,"S","i",3,2,49.092
6974566,46,2,20,"S","i",3,1,152.426
7922361,25,1,20,"S","i",6,4,59.997
2329135,35,2,20,"S","i",2,2,93.859
5119631,56,1,20,"S","i",2,1,110.243
3880459,30,1,20,"S","i",2,1,100.891
7511126,30,1,20,"S","i",4,3,31.411
7905251,62,2,20,"S","i",4,4,134.636
5050714,31,2,20,"S","i",2,2,52.88
7793541,63,1,20,"S","i",5,4,116.94
625916,35,1,20,"S","i",5,5,27.299
9677725,37,2,20,"S","i",5,5,133.095
7821551,25,2,20,"S","i",3,2,49.886
4393898,57,1,20,"S","i",1,1,68.005
2966096,75,2,20,"S","i",5,5,82.333
4242415,65,1,20,"S","i",5,4,65.247
5020416,50,1,20,"S","i",5,4,72.741
3328013,30,1,20,"S","i",2,1,54.822
7686433,46,2,20,"S","i",1,3,102.244
9618344,59,2,20,"S","i",3,3,70.123
4640663,34,2,20,"S","i",3,3,40.792
1154800,46,2,20,"S","i",1,2,81.813
6088116,20,1,20,"S","i",3,5,54.311
3108916,27,2,20,"S","i",4,4,81.959
4472886,34,1,20,"S","i",4,5,23.962
6335150,57,1,20,"S","i",4,3,85.392
99025,28,1,20,"S","i",4,2,41.275
2435212,27,1,20,"S","i",5,2,38.616
8286994,30,1,20,"S","i",1,1,36.937
993245,55,2,20,"S","i",6,4,75.225
7318364,46,1,20,"S","i",4,1,88.444
9216410,30,2,20,"S","i",4,3,44.708
3741810,38,1,20,"S","i",5,4,64.172
2275982,23,1,20,"S","i",4,4,49.185
5983925,21,1,20,"S","i",5,3,108.071
9840937,41,1,20,"S","i",2,3,82.704
3295583,26,2,20,"S","i",4,4,48.889
9665673,25,1,20,"S","i",2,2,281.791
1885900,31,1,20,"S","i",2,5,19.083
4825854,43,1,20,"S","i",5,3,42.03
2103773,24,1,20,"S","i",5,3,36.466
2095467,22,1,20,"S","i",4,2,37.91
8662451,32,1,20,"S","i",4,4,71.984
5025724,43,1,20,"S","i",3,3,113.681
2998841,21,2,20,"S","i",1,5,174.985
1018310,33,2,20,"S","i",2,4,54.705
6950339,25,1,20,"S","i",3,2,127.785
9696664,31,2,20,"S","i",2,5,52.64
201824,46,2,20,"S","i",1,1,658.083
89415,23,1,20,"S","i",5,5,97.638
8745052,34,1,20,"S","i",2,1,53.168
5796086,24,1,20,"S","i",6,5,27.371
3947197,20,1,20,"S","i",3,4,106.201
6240613,24,1,20,"S","i",1,2,105.718
5547114,28,1,20,"S","i",2,1,39.918
4309428,28,1,20,"S","i",5,2,68.426
3722992,25,1,20,"S","i",3,5,12.091
2798317,23,1,20,"S","i",4,2,146.257
1285728,37,2,20,"S","i",4,4,70.082
7798801,40,2,20,"S","i",2,2,85.193
639221,25,2,20,"S","i",6,6,52.658
3747235,26,2,20,"S","i",4,4,33.379
5815164,37,2,20,"S","i",4,3,126.826
4727503,25,1,20,"S","i",5,2,47.715
